Forville,FR,1.74,3.75,-5.18,54,1037,Clear,07:06 AM,03:53 PM,1.43,,07:09 PM,0
La Portanière,FR,7.12,12.12,3.88,81,1029,Clear,07:01 AM,04:01 PM,1.54,,07:09 PM,0
Wittenheim,FR,2.43,4.76,0.55,96,1038,Clear,07:14 AM,03:39 PM,2.03,,07:09 PM,0
Wattrelos,FR,7.59,8.26,6.48,92,1039,Mist,07:44 AM,03:42 PM,6.17,,07:09 PM,90
Vitré,FR,8.28,8.75,8.04,74,1033,Clear,07:50 AM,04:11 PM,7.25,,07:09 PM,0
Viry-Châtillon,FR,6.7,7.89,5.16,92,1035,Clear,07:38 AM,03:55 PM,3.6,,07:09 PM,0
Villeneuve-le-Roi,FR,6.69,7.86,5.13,92,1035,Clear,07:38 AM,03:54 PM,3.6,,07:09 PM,0
Vierzon,FR,3.84,5.96,2.29,89,1033,Clear,07:33 AM,04:02 PM,3.99,,07:09 PM,0
Verrières-le-Buisson,FR,6.41,7.47,4.75,91,1035,Clouds,07:38 AM,03:55 PM,5.14,,07:09 PM,20
Arrondissement d'Antony,FR,6.71,7.76,5.03,91,1035,Clear,07:38 AM,03:55 PM,3.6,,07:09 PM,0
Vallauris,FR,9.22,11.4,6.89,66,1028,Clear,06:59 AM,03:56 PM,1.54,,07:09 PM,0
Tourcoing,FR,7.5,8.2,6.42,93,1039,Mist,07:44 AM,03:42 PM,6.17,,07:09 PM,90
Taverny,FR,6.58,7.56,4.97,93,1036,Mist,07:40 AM,03:54 PM,3.6,,07:09 PM,90
Soisy-sous-Montmorency,FR,6.8,7.85,5.25,92,1036,Clear,07:39 AM,03:54 PM,3.09,,07:09 PM,0
Sin-le-Noble,FR,7.88,8.35,7.12,94,1038,Clouds,07:42 AM,03:44 PM,4.33,,07:09 PM,12
Sèvres,FR,6.41,7.41,4.68,91,1035,Clouds,07:39 AM,03:55 PM,5.14,,07:09 PM,20
Salon-de-Provence,FR,2.83,7.71,0.71,84,1030,Clear,07:07 AM,04:03 PM,0,,07:09 PM,0
Saint-Ouen-sur-Seine,FR,6.74,7.82,5.1,91,1035,Clouds,07:39 AM,03:54 PM,1.34,,07:09 PM,20
Saint-Fons,FR,1.56,4.08,-0.37,93,1033,Clear,07:16 AM,03:57 PM,0.51,,07:09 PM,0
Saint-Avold,FR,4.2,6.49,1.45,93,1038,Clear,07:22 AM,03:36 PM,4.17,,07:09 PM,0
Rezé,FR,8.31,9.18,8.14,79,1030,Clouds,07:47 AM,04:17 PM,8.23,,07:09 PM,90
Pontivy,FR,7.15,8.16,6.29,86,1032,Clear,07:56 AM,04:19 PM,7.02,,07:09 PM,1
Pessac,FR,5.04,8.06,2.93,93,1027,Clear,07:34 AM,04:22 PM,1.54,,07:09 PM,0
Palaiseau,FR,6.51,7.58,4.86,91,1035,Clouds,07:38 AM,03:55 PM,0.45,,07:05 PM,20
Ozoir-la-Ferrière,FR,5.97,7.45,4.72,95,1036,Clear,07:37 AM,03:53 PM,3.84,,07:09 PM,0
Oullins,FR,1.58,3.48,-0.2,93,1033,Clear,07:16 AM,03:57 PM,0.51,,07:09 PM,0
Mougins,FR,9.15,11.38,6.87,66,1028,Clear,06:59 AM,03:56 PM,1.54,,07:07 PM,0
Morsang-sur-Orge,FR,6.68,7.84,5.11,92,1035,Clear,07:38 AM,03:55 PM,3.6,,07:09 PM,0
Montélimar,FR,5.21,7.72,3.14,76,1032,Clear,07:12 AM,04:02 PM,3.11,,07:09 PM,0
Montbéliard,FR,3.26,4.11,1.88,93,1036,Clear,07:15 AM,03:42 PM,4.88,,07:09 PM,0
Maisons-Alfort,FR,6.72,7.9,5.17,91,1035,Clear,07:38 AM,03:54 PM,3.6,,07:09 PM,0
Louviers,FR,6.51,7.8,5.8,93,1036,Clouds,07:45 AM,03:57 PM,5.14,,07:07 PM,90
Limeil-Brévannes,FR,6.46,7.73,5,91,1035,Clear,07:38 AM,03:54 PM,3.6,,07:09 PM,0
Les Pavillons-sous-Bois,FR,6.39,7.66,5.06,92,1036,Clear,07:38 AM,03:53 PM,1.34,,07:09 PM,0
Lattes,FR,7.69,8.32,5.55,78,1029,Clear,07:12 AM,04:09 PM,1.03,,07:09 PM,0
Grigny,FR,6.43,7.64,4.91,92,1035,Clear,07:37 AM,03:55 PM,3.6,,07:09 PM,0
Goussainville,FR,6.28,7.54,4.94,93,1036,Clear,07:39 AM,03:53 PM,5.66,,07:09 PM,0
Gien,FR,3.76,5.84,2,85,1034,Clear,07:32 AM,03:58 PM,4.97,,07:09 PM,0
Gagny,FR,6.46,7.75,5.15,92,1036,Clear,07:38 AM,03:53 PM,3.09,,07:09 PM,0
Firminy,FR,-0.03,0.21,-2.32,86,1033,Clear,07:17 AM,04:00 PM,3.09,,07:09 PM,0
Échirolles,FR,2.45,4.99,0.55,92,1035,Clouds,07:10 AM,03:56 PM,1.68,,07:09 PM,11
Décines-Charpieu,FR,1.8,4.24,-0.21,93,1033,Clear,07:15 AM,03:56 PM,0.51,,07:06 PM,0
Dammarie-les-Lys,FR,5.64,7.72,4.06,94,1035,Clear,07:36 AM,03:54 PM,1.54,,07:09 PM,0
Colombes,FR,6.8,7.88,5.15,91,1035,Clouds,07:39 AM,03:54 PM,3.09,,07:09 PM,20
Cognac,FR,4.22,5.71,3.62,88,1027,Clear,07:36 AM,04:18 PM,3.6,,07:09 PM,0
Chenôve,FR,2.25,3.33,-0.43,93,1034,Clear,07:21 AM,03:50 PM,3.6,,07:09 PM,0
Chelles,FR,6.29,7.67,5.07,93,1036,Clear,07:38 AM,03:53 PM,5.66,,07:09 PM,0
Cesson-Sévigné,FR,8.64,8.98,7.14,81,1032,Clouds,07:51 AM,04:13 PM,7.72,,07:09 PM,90
Cayenne,FR,5.9,7.12,5.12,95,1037,Clouds,07:45 AM,03:54 PM,5.84,,07:09 PM,42
Carvin,FR,7.85,8.31,7.08,88,1038,Mist,07:44 AM,03:44 PM,1.79,,07:09 PM,90
Bonneuil-sur-Marne,FR,6.63,7.88,5.15,91,1035,Clear,07:38 AM,03:54 PM,3.6,,07:09 PM,0
Belfort,FR,1.9,3.78,-0.72,92,1037,Clear,07:15 AM,03:41 PM,3.65,,07:09 PM,0
Bayeux,FR,7.12,8.55,6.26,92,1035,Clear,07:53 AM,04:04 PM,6.25,,07:09 PM,1
Bagnolet,FR,6.4,7.58,4.86,92,1036,Clear,07:38 AM,03:54 PM,1.34,,07:09 PM,0
Autun,FR,1.77,2.91,-0.85,97,1034,Clear,07:23 AM,03:54 PM,1.39,,07:09 PM,0
Auch,FR,7.34,8.95,5.35,84,1028,Clear,07:25 AM,04:21 PM,2.68,,07:08 PM,0
Annecy-le-Vieux,FR,1.7,3.73,-1.39,87,1034,Clouds,07:11 AM,03:51 PM,2.57,,07:09 PM,90
Alfortville,FR,6.77,7.93,5.21,91,1035,Clear,07:38 AM,03:54 PM,3.6,,07:09 PM,0
Les Ulis,FR,6.04,7.1,4.37,91,1035,Clear,07:39 AM,03:56 PM,0.89,,07:09 PM,0
Saint-Jean-de-la-Ruelle,FR,5.47,6.03,4.36,91,1032,Clear,07:36 AM,04:00 PM,0.89,,07:09 PM,0
Saint-Herblain,FR,8.14,8.98,7.94,79,1030,Clouds,07:48 AM,04:17 PM,8.23,,07:10 PM,90
Saint-Étienne,FR,-0.43,-0.37,-1.51,86,1033,Clear,07:16 AM,04:00 PM,3.09,,07:05 PM,0
Saint-Cyr-sur-Loire,FR,6.14,6.14,6.14,87,1032,Clear,07:39 AM,04:07 PM,5.14,,07:10 PM,0
Paris,FR,6.74,7.83,5.1,91,1035,Clouds,07:39 AM,03:54 PM,1.34,,07:05 PM,20
Arrondissement de Boulogne-sur-Mer,FR,6.74,8.44,6.12,95,1039,Clear,07:49 AM,03:47 PM,4.94,,07:10 PM,4
Outreau,FR,7.06,8.71,6.38,91,1038,Clear,07:50 AM,03:49 PM,6.78,,07:10 PM,0
Orvault,FR,8.16,8.97,7.94,80,1030,Clouds,07:48 AM,04:17 PM,8.23,,07:10 PM,90
Arrondissement de Metz,FR,4.29,7.26,2.22,88,1037,Clear,07:24 AM,03:38 PM,1.54,,07:10 PM,0
Maurepas,FR,5.98,7.03,4.3,89,1035,Clear,07:40 AM,03:56 PM,3.09,,07:10 PM,0
Laon,FR,2.68,2.68,2.68,92,1037,Clear,07:37 AM,03:46 PM,3.02,,07:10 PM,0
La Crau,FR,8.31,12.46,4.22,77,1030,Clear,07:02 AM,04:01 PM,1.79,,07:10 PM,0
La Courneuve,FR,6.71,7.9,5.17,92,1036,Clear,07:39 AM,03:54 PM,1.34,,07:10 PM,0
Gentilly,FR,6.55,7.61,4.88,92,1035,Clear,07:38 AM,03:54 PM,3.6,,07:10 PM,0
Garches,FR,6.05,7.08,4.36,91,1035,Clouds,07:39 AM,03:55 PM,5.14,,07:10 PM,20
Croix,FR,7.65,8.28,6.53,89,1038,Mist,07:44 AM,03:43 PM,6.17,,07:10 PM,90
Couëron,FR,8.24,9.05,8.01,79,1030,Clouds,07:48 AM,04:17 PM,8.23,,07:10 PM,90
Cernay,FR,2.08,4.28,-0.22,93,1038,Clear,07:15 AM,03:39 PM,2.4,,07:10 PM,0
Montussan,FR,5.28,8.04,2.91,85,1027,Clear,07:34 AM,04:21 PM,3.03,,07:10 PM,0
Saint-Laurent,FR,5.4,6.5,5.36,93,1038,Clear,07:33 AM,03:40 PM,3.23,,07:10 PM,1
Saint-Bris-le-Vineux,FR,3.4,4.64,3.4,89,1035,Clear,07:29 AM,03:54 PM,2.9,,07:10 PM,0
Garanou,FR,4.46,7.07,3.94,30,1027,Clear,07:18 AM,04:20 PM,4.02,,07:10 PM,0
Provence-Alpes-Côte d'Azur Region,FR,5.93,5.93,5.93,80,1030,Clear,07:05 AM,03:59 PM,2.41,,07:10 PM,0
Var,FR,5.38,11.24,3,93,1029,Clear,07:02 AM,03:59 PM,0,,07:10 PM,0
Arrondissement de Narbonne,FR,9.03,10.31,7.56,73,1030,Clouds,07:14 AM,04:14 PM,2.03,,07:10 PM,91
Carbonne,FR,7.55,9.1,6.82,91,1027,Clear,07:21 AM,04:20 PM,0.89,,07:10 PM,0
Carbonne,FR,7.46,9.02,6.74,91,1027,Clear,07:21 AM,04:20 PM,0.89,,07:10 PM,0
Arrondissement de Marseille,FR,3.74,10.47,0.1,54,1029,Clear,07:04 AM,04:03 PM,1.54,,07:10 PM,0
Saint-Pierre,FR,3.69,5.3,0.93,87,1030,Clear,07:06 AM,04:05 PM,2.06,,07:10 PM,0
Ilharre,FR,5.21,8.23,3.73,78,1026,Clear,07:31 AM,04:29 PM,1.85,,07:10 PM,0
Les Mées,FR,5.88,5.88,5.88,80,1031,Clear,07:05 AM,03:59 PM,2.37,,07:10 PM,0
Castelsarrasin,FR,8.22,9.51,5.91,85,1028,Clear,07:25 AM,04:18 PM,3.89,,07:10 PM,0
Vallabrix,FR,4.54,7.2,0.2,76,1031,Clear,07:11 AM,04:04 PM,3.03,,07:10 PM,0
Lussolle,FR,6.07,9.25,4.15,91,1027,Clear,07:30 AM,04:23 PM,2.41,,07:10 PM,0
Pontenx-les-Forges,FR,4.17,8.43,2.9,85,1026,Clear,07:34 AM,04:26 PM,2.62,,07:10 PM,0
Pontenx-les-Forges,FR,4.3,8.51,2.97,84,1026,Clear,07:34 AM,04:26 PM,2.62,,07:10 PM,0
Saint-Trosse,FR,3.83,6.91,2.81,86,1026,Clear,07:34 AM,04:26 PM,2.49,,07:10 PM,0
Arrondissement de Périgueux,FR,6.32,7.98,0.83,64,1028,Clear,07:31 AM,04:16 PM,2.42,,07:10 PM,0
Arrondissement de La Tour-du-Pin,FR,1.52,2.77,-0.55,94,1034,Clear,07:13 AM,03:55 PM,1.81,,07:10 PM,0
Four,FR,1.66,3.36,0.13,93,1033,Clear,07:14 AM,03:56 PM,1.03,,07:10 PM,0
Corent,FR,-0.37,-0.37,-0.37,93,1032,Clear,07:22 AM,04:04 PM,1.54,,07:10 PM,0
Upper Savoy,FR,-6.46,-5.47,-9.11,87,1034,Clouds,07:11 AM,03:50 PM,2.57,,07:10 PM,90
Franche-Comté Region,FR,0.17,3.33,-0.92,100,1035,Clear,07:16 AM,03:47 PM,2.53,,07:10 PM,0
Jura,FR,-0.57,2.11,-2.56,93,1035,Clear,07:16 AM,03:49 PM,2.04,,07:10 PM,0
Trouy,FR,2.95,4.46,1.86,88,1033,Clear,07:31 AM,04:02 PM,3.96,,07:10 PM,0
Trouy,FR,2.97,4.47,1.88,88,1033,Clear,07:31 AM,04:02 PM,3.96,,07:10 PM,0
Doubs,FR,-0.5,0.42,-3.5,92,1036,Clear,07:15 AM,03:45 PM,2.42,,07:10 PM,2
Arrondissement de Pontarlier,FR,-1.88,-0.59,-4.9,95,1037,Clouds,07:14 AM,03:47 PM,2.6,,07:10 PM,18
La Croix Verte,FR,7.46,8.14,3.27,80,1031,Clear,07:41 AM,04:10 PM,6.35,,07:10 PM,3
Ormenans,FR,2.06,3.98,0.06,86,1035,Clear,07:17 AM,03:45 PM,5.49,,07:10 PM,0
Brittany Region,FR,7.7,8.32,6.46,85,1032,Clear,07:56 AM,04:19 PM,7.23,,07:10 PM,1
Champagne-Ardenne Region,FR,4.38,6.78,2.49,91,1037,Clear,07:31 AM,03:45 PM,4.26,,07:10 PM,0
Île-de-France Region,FR,6.19,7.6,4.58,84,1035,Clear,07:36 AM,03:55 PM,3.97,,07:10 PM,0
Fontenailles,FR,4.84,7.39,3.73,95,1035,Clear,07:35 AM,03:53 PM,4.71,,07:10 PM,0
Audignicourt,FR,6.37,7.19,6.17,92,1037,Clear,07:38 AM,03:48 PM,3.36,,07:10 PM,0
Somme,FR,7.41,7.88,6.77,93,1037,Mist,07:43 AM,03:49 PM,6.17,,07:10 PM,90
Béthencourt-sur-Mer,FR,6.36,7.44,6.33,94,1037,Clear,07:47 AM,03:52 PM,5.99,,07:10 PM,8
L'Hospitalet-près-l'Andorre,FR,-0.92,1.28,-1.86,81,1032,Clear,07:17 AM,04:20 PM,0.98,,07:10 PM,0
L'Allier,FR,5.47,5.84,4.47,85,1034,Clear,07:39 AM,04:02 PM,5.89,,07:10 PM,0
L'Eure,FR,6.72,7.42,5.94,93,1036,Clouds,07:50 AM,04:00 PM,6.17,,07:10 PM,90
Saint-Girons,FR,6.77,7.8,5.22,78,1028,Clear,07:21 AM,04:22 PM,2.09,,07:10 PM,0
Grenoble,FR,2.84,5.38,0.93,92,1035,Clouds,07:10 AM,03:55 PM,1.34,,07:11 PM,16
Serres-Castet,FR,6.08,7.17,2.68,81,1026,Clear,07:28 AM,04:26 PM,1.54,,07:11 PM,0
Mamers,FR,7.42,7.42,7.42,81,1034,Clear,07:44 AM,04:04 PM,5.87,,07:11 PM,4
Bar-sur-Aube,FR,5.43,6.79,2.22,87,1036,Clear,07:26 AM,03:47 PM,3.06,,07:11 PM,0
Anguilcourt-le-Sart,FR,7.38,7.49,7.09,93,1037,Clear,07:38 AM,03:46 PM,3.47,,07:11 PM,0
Yerres,FR,6.29,7.58,4.86,90,1035,Clear,07:37 AM,03:54 PM,3.6,,07:11 PM,0
Arrondissement de Mulhouse,FR,2.42,4.32,0.11,97,1036,Clouds,07:13 AM,03:39 PM,1.03,,07:11 PM,90
Hésingue,FR,2.94,4.5,0.29,97,1032,Clouds,07:12 AM,03:39 PM,1.03,,07:11 PM,90
Les Chenais,FR,8.34,8.71,7.24,74,1032,Clear,07:50 AM,04:12 PM,6.99,,07:11 PM,0
Arrondissement de Sarlat-la-Canéda,FR,4.97,9.13,0.38,86,1028,Clear,07:28 AM,04:15 PM,1.84,,07:08 PM,0
Dhuizon,FR,5.63,6.09,4.84,86,1033,Clear,07:36 AM,04:02 PM,4.97,,07:11 PM,0
Dhuizon,FR,5.6,6.05,4.81,86,1033,Clear,07:36 AM,04:02 PM,4.94,,07:11 PM,0
Lot-et-Garonne,FR,7.3,9.12,5.42,86,1027,Clear,07:28 AM,04:19 PM,2.06,,07:11 PM,0
Arrondissement d'Agen,FR,6.64,9.6,5.91,93,1027,Clear,07:27 AM,04:20 PM,2.06,,07:11 PM,0
Pont-du-Casse,FR,7.15,9.6,5.91,93,1027,Clear,07:27 AM,04:19 PM,2.06,,07:11 PM,0
Pont-du-Casse,FR,7.1,9.58,5.89,93,1027,Clear,07:27 AM,04:19 PM,2.06,,07:11 PM,0
Rosny-sous-Bois,FR,6.45,7.69,4.96,92,1036,Clear,07:38 AM,03:53 PM,1.34,,07:11 PM,0
Grégny,FR,0.3,4.53,-4.06,76,1036,Clear,07:08 AM,03:51 PM,3.76,,07:11 PM,4
Plérin,FR,7.61,7.92,6.77,90,1033,Clouds,07:58 AM,04:16 PM,5.36,,07:11 PM,90
Arrondissement de Rambouillet,FR,5.84,7.04,4.31,91,1035,Clear,07:39 AM,03:57 PM,5.26,,07:11 PM,0
Saint-Germain-de-la-Grange,FR,6.4,7.42,4.69,90,1035,Clear,07:40 AM,03:56 PM,3.09,,07:11 PM,0
Allier,FR,1.12,2.17,-0.01,91,1033,Clear,07:26 AM,04:01 PM,2.46,,07:11 PM,0
Pouillon,FR,5.31,8.28,3.79,96,1026,Clear,07:31 AM,04:28 PM,1.03,,07:11 PM,0
Aiffres,FR,3.51,3.92,3.49,89,1029,Clear,07:39 AM,04:16 PM,1.34,,07:11 PM,0
Aiffres,FR,3.45,3.85,3.42,89,1029,Clear,07:39 AM,04:16 PM,1.34,,07:08 PM,0
Arrondissement de Dijon,FR,1.63,2.68,-0.65,93,1034,Clear,07:22 AM,03:50 PM,3.6,,07:11 PM,0
Marcilly-sur-Tille,FR,1.85,3.27,-0.07,85,1035,Clear,07:22 AM,03:49 PM,4.07,,07:11 PM,0
Marcilly-sur-Tille,FR,1.83,3.24,-0.1,85,1035,Clear,07:22 AM,03:49 PM,4.06,,07:11 PM,0
Montaigut-sur-Save,FR,8.28,9.69,6.94,81,1028,Clouds,07:23 AM,04:19 PM,7.2,,07:11 PM,20
Allennes-les-Marais,FR,7.82,8.3,6.84,88,1038,Mist,07:44 AM,03:44 PM,1.79,,07:11 PM,90
Quiberon,FR,8.41,8.78,8.19,84,1031,Clear,07:55 AM,04:22 PM,11.65,,07:11 PM,0
Nexon,FR,5.32,5.7,4.96,70,1028,Clear,07:30 AM,04:12 PM,3.6,,07:11 PM,0
Loiret,FR,4.77,5.92,3.61,92,1034,Clear,07:35 AM,03:58 PM,4.54,,07:11 PM,0
La Jacqueminière,FR,3.38,4.61,3.35,90,1031,Clear,07:32 AM,03:55 PM,4.29,,07:11 PM,0
Quévert,FR,7.1,8,6.48,51,1032,Clouds,07:55 AM,04:13 PM,2.68,,07:11 PM,90
Hazebrouck,FR,7.4,8.3,6.54,91,1039,Clear,07:46 AM,03:45 PM,3.64,,07:11 PM,4
Villeurbanne,FR,1.78,3.58,-0.1,93,1033,Clear,07:16 AM,03:57 PM,0.51,,07:09 PM,0
Arrondissement de Brest,FR,9.03,10.12,8.1,87,1031,Clouds,08:04 AM,04:23 PM,10.8,,07:11 PM,90
Amiens,FR,7.3,7.92,6.81,95,1038,Clear,07:43 AM,03:50 PM,5.25,,07:11 PM,8
Strasbourg,FR,2.78,6.1,0.14,87,1038,Clear,07:16 AM,03:34 PM,2.57,,07:11 PM,0
Nanterre,FR,6.78,7.82,5.1,91,1035,Clouds,07:39 AM,03:54 PM,5.14,,07:11 PM,20
Orne,FR,6.3,6.3,6.3,83,1035,Clear,07:47 AM,04:04 PM,5.14,,07:11 PM,0
Créteil,FR,6.57,7.8,5.07,90,1035,Clear,07:38 AM,03:54 PM,3.6,,07:10 PM,0
Saint-Denis,FR,6.75,7.92,5.19,92,1036,Clear,07:39 AM,03:54 PM,1.34,,07:11 PM,0
Clermont-Ferrand,FR,-0.34,0.96,-0.5,93,1032,Clear,07:23 AM,04:04 PM,1.54,,07:11 PM,0
Clermont-Ferrand,FR,0.16,1.07,-0.68,93,1032,Clear,07:23 AM,04:04 PM,1.54,,07:08 PM,0
Arrondissement de Tarbes,FR,3.82,6.87,3.26,93,1026,Clear,07:26 AM,04:25 PM,1.03,,07:11 PM,0
Clermont,FR,6.61,7.74,5.95,94,1037,Clear,07:41 AM,03:52 PM,4.21,,07:11 PM,2
Perpignan,FR,9.21,10.82,6.35,82,1030,Clouds,07:13 AM,04:16 PM,2.06,,07:11 PM,90
Calvados,FR,6.87,6.88,6,87,1035,Clouds,07:51 AM,04:04 PM,6.69,,07:11 PM,90
Le Mans,FR,7.92,7.96,6.28,81,1033,Clouds,07:43 AM,04:06 PM,5.66,,07:10 PM,75
Le Mans,FR,7.92,7.96,6.28,81,1033,Clouds,07:43 AM,04:06 PM,5.66,,07:08 PM,75
Reims,FR,3.16,6.35,2.99,93,1036,Clear,07:34 AM,03:46 PM,0,,07:11 PM,0
Argentan,FR,6.4,6.4,5.87,83,1035,Clear,07:48 AM,04:04 PM,4.71,,07:09 PM,0
Arrondissement de Roanne,FR,0.62,1.31,-0.16,88,1034,Clear,07:20 AM,03:59 PM,2.47,,07:09 PM,0
Roanne,FR,0.97,1.74,0.61,87,1034,Clear,07:20 AM,03:59 PM,1.96,,07:11 PM,0
Landerneau,FR,9.53,10.56,8.55,87,1032,Clouds,08:03 AM,04:22 PM,9.26,,07:11 PM,90
Arrondissement de Beauvais,FR,6.56,7.61,5.44,95,1035,Clouds,07:42 AM,03:53 PM,0.89,,07:07 PM,90
Ville-d'Avray,FR,6.44,7.47,4.74,91,1035,Clouds,07:39 AM,03:55 PM,5.14,,07:11 PM,20
Fontainebleau,FR,5.28,7.65,3.99,83,1035,Clear,07:35 AM,03:55 PM,4.4,,07:11 PM,0
Chamalières,FR,-0.6,0.7,-0.75,93,1032,Clear,07:23 AM,04:04 PM,1.54,,07:12 PM,0
Saint-Brieuc,FR,7.12,7.46,6.31,89,1033,Clouds,07:58 AM,04:16 PM,5.36,,07:12 PM,90
Nièvre,FR,2.3,2.3,2.3,90,1033,Clear,07:26 AM,03:57 PM,1.13,,07:12 PM,0
La Seyne-sur-Mer,FR,9.58,12.71,3.98,69,1028,Clear,07:02 AM,04:02 PM,2.13,,07:12 PM,0
Coutances,FR,8.31,8.42,6.92,88,1034,Clear,07:55 AM,04:08 PM,6.79,,07:12 PM,4
Coutances,FR,8.31,8.42,6.92,88,1034,Clear,07:55 AM,04:08 PM,6.79,,07:12 PM,4
Mondeville,FR,7.38,7.41,6.53,87,1035,Clouds,07:51 AM,04:03 PM,6.69,,07:12 PM,90
Yèvres,FR,5.4,5.8,4.43,83,1034,Clear,07:40 AM,04:01 PM,5.94,,07:12 PM,2
Saverne,FR,4.24,6.62,-0.18,93,1038,Clear,07:18 AM,03:35 PM,1.86,,07:12 PM,5
Lunéville,FR,3.16,5.62,1.26,87,1037,Clear,07:21 AM,03:39 PM,4.63,,07:12 PM,0
Arrondissement du Puy-en-Velay,FR,-1.57,-1.57,-1.57,88,1033,Clear,07:17 AM,04:03 PM,0.78,,07:12 PM,0
Coubon,FR,-0.6,-0.6,-0.6,88,1033,Clear,07:17 AM,04:03 PM,0.92,,07:12 PM,0
Coubon,FR,-0.6,-0.6,-0.6,88,1033,Clear,07:17 AM,04:03 PM,0.92,,07:12 PM,0
Arrondissement de Charleville-Mézières,FR,5.9,6.81,5.46,94,1038,Clear,07:34 AM,03:41 PM,3.31,,07:12 PM,4
Arrondissement de Bonneville,FR,-5.68,-1.75,-8.87,55,1035,Clear,07:10 AM,03:49 PM,3.76,,07:12 PM,1
Sotteville,FR,8.78,10.2,8.09,90,1035,Clouds,07:58 AM,04:07 PM,9.46,,07:12 PM,19
Riva-Bella,FR,7.09,7.42,6.42,87,1035,Clouds,07:51 AM,04:03 PM,6.69,,07:12 PM,90
Arrondissement de Saint-Julien-en-Genevois,FR,0.12,1.05,-3.5,84,1034,Clouds,07:12 AM,03:51 PM,2.57,,07:09 PM,90
Labenne,FR,6.64,9.46,4.06,89,1025,Clear,07:33 AM,04:30 PM,3.09,,07:12 PM,0
Bruges,FR,5.3,5.57,3.01,93,1027,Clear,07:34 AM,04:22 PM,1.54,,07:12 PM,0
Tresses,FR,5.07,7.87,2.73,93,1027,Clear,07:34 AM,04:21 PM,1.54,,07:12 PM,0
Lacanau,FR,5.17,5.59,3.03,83,1027,Clear,07:37 AM,04:23 PM,3.52,,07:12 PM,0
Arrondissement d'Épinal,FR,1.8,4.36,-1.04,85,1036,Clear,07:19 AM,03:40 PM,2.07,,07:12 PM,0
Gavray,FR,7.97,8.64,7.14,85,1034,Clear,07:54 AM,04:09 PM,5.97,,07:12 PM,3
Baron-sur-Odon,FR,6.93,6.94,6.06,87,1035,Clouds,07:51 AM,04:04 PM,6.69,,07:11 PM,90
Arrondissement de Nontron,FR,5.88,6.67,2.64,74,1029,Clear,07:31 AM,04:14 PM,1.98,,07:12 PM,0
Biguglia,FR,8.45,10.35,4.81,70,1031,Clear,06:46 AM,03:50 PM,2.06,,07:12 PM,0
Rots,FR,7.12,7.13,6.25,87,1035,Clouds,07:51 AM,04:04 PM,6.69,,07:12 PM,90
Arrondissement d'Ajaccio,FR,6.85,6.99,0.09,87,1028,Clouds,06:46 AM,03:54 PM,2.57,,07:08 PM,75
Crépy-en-Valois,FR,6.15,7.5,4.92,93,1037,Clear,07:38 AM,03:50 PM,4.08,,07:12 PM,0
Virelade,FR,5.86,8.21,3.08,85,1027,Clear,07:33 AM,04:22 PM,2.94,,07:12 PM,0
Châteauneuf-les-Martigues,FR,3.65,12.51,0.97,93,1030,Clear,07:06 AM,04:04 PM,2.06,,07:12 PM,0
Castandet,FR,5.99,8.1,3.6,93,1026,Clear,07:30 AM,04:25 PM,2.06,,07:12 PM,0
Saint-Laurent-du-Var,FR,10.38,12.01,7.5,65,1028,Clear,06:59 AM,03:55 PM,4.63,,07:12 PM,0
Vienne,FR,2.57,4.47,1.42,88,1034,Clear,07:15 AM,03:58 PM,1.13,,07:12 PM,0
Bonneuil-en-France,FR,6.59,7.83,5.23,93,1036,Clear,07:39 AM,03:53 PM,3.09,,07:12 PM,0
Wittenheim,FR,2.43,4.75,0.53,96,1038,Clear,07:14 AM,03:39 PM,2.05,,07:12 PM,0
Vallauris,FR,9.56,11.75,7.24,66,1028,Clear,06:59 AM,03:56 PM,1.54,,07:12 PM,0
Sin-le-Noble,FR,7.88,8.34,7.11,95,1038,Clouds,07:42 AM,03:44 PM,4.34,,07:12 PM,11
Sens,FR,4.13,5.26,4,90,1035,Clear,07:32 AM,03:53 PM,3.56,,07:12 PM,0
Saint-Priest,FR,1.75,4.14,-0.31,93,1033,Clear,07:15 AM,03:57 PM,0.51,,07:12 PM,0
Saint-Pol-sur-Mer,FR,7.24,7.77,6.66,98,1037,Clouds,07:49 AM,03:44 PM,0.45,,07:12 PM,37
Saint-Pierre-des-Corps,FR,6.36,6.36,6.35,87,1032,Clear,07:39 AM,04:07 PM,5.14,,07:12 PM,0
Saint-Pierre-des-Corps,FR,6.36,6.36,6.35,87,1032,Clear,07:39 AM,04:07 PM,5.14,,07:12 PM,0
Saint-Maximin-la-Sainte-Baume,FR,6.48,10.81,0.44,65,1029,Clear,07:03 AM,04:01 PM,1.44,,07:12 PM,0
Saint-Martin-d'Hères,FR,2.83,5.36,0.91,92,1035,Clouds,07:10 AM,03:55 PM,1.75,,07:12 PM,15
Saint-Jean-de-la-Ruelle,FR,5.52,6.06,4.39,91,1032,Clear,07:36 AM,04:00 PM,0.89,,07:12 PM,0
Saint-Jean-de-Braye,FR,5.49,6.1,4.43,91,1032,Clear,07:36 AM,04:00 PM,0.89,,07:12 PM,0
Saint-Jean-de-Braye,FR,5.45,6.06,4.4,91,1032,Clear,07:36 AM,04:00 PM,0.89,,07:12 PM,0
Saint-Fons,FR,1.78,4.32,-0.13,93,1033,Clear,07:16 AM,03:57 PM,0.51,,07:12 PM,0
Saintes,FR,4.12,5.68,3.6,100,1028,Clear,07:38 AM,04:19 PM,3.61,,07:11 PM,0
Sainte-Foy-lès-Lyon,FR,0.97,2.89,-0.79,93,1033,Clear,07:16 AM,03:57 PM,0.51,,07:12 PM,0
Saint Egreve,FR,2.9,5.36,0.91,83,1035,Clouds,07:11 AM,03:55 PM,1.34,,07:12 PM,16
Saint-Dié-des-Vosges,FR,2.04,3.84,-0.23,89,1037,Clear,07:18 AM,03:38 PM,2.35,,07:12 PM,0
Saint-Cyr-sur-Loire,FR,6.14,6.14,6.14,87,1032,Clear,07:39 AM,04:07 PM,5.14,,07:12 PM,0
Saint-Amand-les-Eaux,FR,7.86,8.33,6.94,99,1037,Clear,07:42 AM,03:42 PM,4.48,,07:12 PM,2
Pontivy,FR,7.15,8.16,6.29,86,1032,Clear,07:56 AM,04:19 PM,7.02,,07:12 PM,1
Ploemeur,FR,8.11,8.64,8.05,87,1031,Clouds,07:57 AM,04:22 PM,7.72,,07:10 PM,90
Pertuis,FR,1.83,11.36,-0.17,71,1030,Clear,07:06 AM,04:02 PM,0.95,,07:12 PM,0
Palaiseau,FR,6.49,7.58,4.86,91,1035,Clouds,07:38 AM,03:55 PM,0.45,,07:12 PM,20
Outreau,FR,6.99,8.64,6.3,91,1039,Clear,07:50 AM,03:49 PM,6.72,,07:13 PM,0
Oullins,FR,1.64,3.54,-0.14,93,1033,Clear,07:16 AM,03:57 PM,0.51,,07:13 PM,0
Cherbourg-en-Cotentin,FR,9.04,10.45,8.49,93,1035,Clouds,07:58 AM,04:06 PM,8.75,,07:13 PM,90
Octeville,FR,8.49,9.88,7.92,93,1035,Clouds,07:58 AM,04:07 PM,8.75,,07:13 PM,90
Noyon,FR,7.13,7.47,6.44,93,1037,Clear,07:39 AM,03:48 PM,3.6,,07:13 PM,0
Noyon,FR,7.13,7.47,6.44,93,1037,Clear,07:39 AM,03:48 PM,3.6,,07:13 PM,0
Niort,FR,3.54,3.94,3.51,89,1029,Clear,07:39 AM,04:16 PM,1.34,,07:13 PM,0
Morlaix,FR,9.82,10.44,6.88,91,1033,Clouds,08:02 AM,04:20 PM,7.21,,07:13 PM,20
Montivilliers,FR,6.59,7.31,5.83,93,1036,Clouds,07:50 AM,04:00 PM,6.17,,07:12 PM,90
Montigny-lès-Metz,FR,4.3,7.21,2.17,88,1037,Clear,07:24 AM,03:38 PM,1.54,,07:09 PM,0
Millau,FR,10.38,10.38,10.38,82,1031,Clear,07:17 AM,04:10 PM,2.13,,07:13 PM,0
Meyzieu,FR,1.78,4.21,-0.29,93,1033,Clear,07:15 AM,03:56 PM,0.51,,07:13 PM,0
Meylan,FR,2.68,4.97,0.53,92,1035,Clouds,07:10 AM,03:55 PM,1.9,,07:13 PM,17
Mayenne,FR,7.95,7.95,7.95,77,1033,Clear,07:48 AM,04:08 PM,6.69,,07:13 PM,0
Mauguio,FR,7.29,8.28,5.52,79,1030,Clear,07:11 AM,04:08 PM,1.03,,07:11 PM,0
Lucé,FR,5.37,7.11,4.38,91,1035,Clear,07:40 AM,03:59 PM,1.34,,07:13 PM,1
Louviers,FR,6.51,7.8,5.8,93,1036,Clouds,07:45 AM,03:57 PM,5.14,,07:13 PM,90
Lingolsheim,FR,2.83,6.12,0.17,87,1038,Clear,07:16 AM,03:34 PM,2.57,,07:13 PM,0
Les Herbiers,FR,4.27,7.81,3.84,82,1030,Clear,07:44 AM,04:16 PM,7.19,,07:12 PM,0
Le Puy-en-Velay,FR,-0.55,-0.55,-0.55,88,1033,Clear,07:17 AM,04:03 PM,0.82,,07:13 PM,0
Le Pontet,FR,4.43,8.07,1.06,78,1031,Clouds,07:09 AM,04:03 PM,0.51,,07:13 PM,20
Le Bouscat,FR,5.35,5.62,3.06,93,1027,Clear,07:34 AM,04:22 PM,1.54,,07:12 PM,0
Lattes,FR,7.68,8.32,5.56,78,1029,Clear,07:12 AM,04:08 PM,1.03,,07:13 PM,0
Lanester,FR,8.25,8.75,8.16,86,1032,Clouds,07:57 AM,04:22 PM,1.79,,07:13 PM,90
La Crau,FR,8.22,12.46,4.22,77,1030,Clear,07:02 AM,04:01 PM,1.79,,07:13 PM,0
La Chapelle-sur-Erdre,FR,8.16,8.96,7.92,80,1031,Clouds,07:48 AM,04:16 PM,0.89,,07:13 PM,90
Hautmont,FR,6.92,7.73,6.01,61,1038,Clear,07:39 AM,03:41 PM,4.81,,07:13 PM,7
Fleury-les-Aubrais,FR,5.43,6.02,4.36,91,1032,Clear,07:36 AM,04:00 PM,0.89,,07:13 PM,0
Firminy,FR,0.04,0.28,-2.25,86,1033,Clear,07:17 AM,04:00 PM,3.09,,07:13 PM,0
Dole,FR,1.96,3.61,-0.15,93,1033,Clear,07:19 AM,03:49 PM,2.06,,07:13 PM,0
Cran-Gevrier,FR,1.49,3.51,-1.6,87,1034,Clouds,07:11 AM,03:51 PM,2.57,,07:13 PM,90
Coulommiers,FR,5.64,7.66,4.1,81,1036,Clear,07:35 AM,03:51 PM,5.05,,07:13 PM,0
Couëron,FR,8.19,9.01,7.97,79,1030,Clouds,07:48 AM,04:17 PM,8.23,,07:13 PM,90
Coudekerque-Branche,FR,7.23,8.07,6.66,98,1039,Mist,07:48 AM,03:44 PM,0.45,,07:13 PM,90
Châtellerault,FR,4.15,4.6,3.09,50,1031,Clear,07:37 AM,04:10 PM,5.77,,07:13 PM,0
Cesson-Sévigné,FR,8.64,8.98,7.14,81,1032,Clouds,07:51 AM,04:13 PM,7.72,,07:13 PM,90
Cavaillon,FR,2.65,7.75,0.75,86,1031,Clouds,07:08 AM,04:03 PM,0.51,,07:13 PM,20
Carvin,FR,7.78,8.26,6.81,88,1038,Mist,07:44 AM,03:44 PM,1.79,,07:13 PM,90
Carquefou,FR,8.27,9.08,8.04,80,1031,Clouds,07:47 AM,04:16 PM,0.89,,07:13 PM,90
Canteleu,FR,5.8,6.32,5.2,91,1035,Clouds,07:46 AM,03:57 PM,1.34,,07:13 PM,90
Bruay-la-Buissière,FR,7.46,8.07,6.62,99,1040,Clouds,07:45 AM,03:46 PM,4.26,,07:13 PM,26
Bourg-lès-Valence,FR,4.4,5.06,2.59,84,1033,Clear,07:13 AM,03:59 PM,2.42,,07:12 PM,0
Pantine,FR,8.23,9.35,3.81,59,1034,Clear,06:47 AM,03:49 PM,0.45,,07:13 PM,0
Languedoc-Roussillon Region,FR,6.56,9.63,5.5,89,1031,Clear,07:15 AM,04:11 PM,0.77,,07:13 PM,0
Marseille,FR,4.83,12.44,2.07,54,1029,Clear,07:05 AM,04:03 PM,1.93,,07:13 PM,0
Arrondissement de Bayonne,FR,6.35,8.93,3.53,87,1025,Clear,07:32 AM,04:31 PM,3.09,,07:13 PM,0
Arrondissement de Digne-les-Bains,FR,6.07,6.07,6.07,77,1031,Clear,07:04 AM,03:57 PM,2.41,,07:13 PM,0
Arrondissement de Mont-de-Marsan,FR,5.71,8.2,2.67,97,1026,Clear,07:31 AM,04:25 PM,2.06,,07:09 PM,0
Centre-Val de Loire,FR,5.47,6.16,4.91,86,1033,Clear,07:35 AM,04:02 PM,4.65,,07:13 PM,0
Cher,FR,2.98,3.97,1.91,93,1032,Clear,07:30 AM,04:01 PM,3.09,,07:13 PM,0
Arrondissement de Bourges,FR,2.33,4.38,1.59,91,1033,Clear,07:31 AM,04:01 PM,3.97,,07:13 PM,0
Arrondissement de Laon,FR,3.14,6.49,3.14,92,1037,Clear,07:36 AM,03:46 PM,2.95,,07:11 PM,0
Audignicourt,FR,6.18,6.99,5.97,92,1037,Clear,07:38 AM,03:48 PM,3.33,,07:13 PM,0
Béthencourt-sur-Mer,FR,6.38,7.46,6.35,94,1037,Clear,07:48 AM,03:52 PM,6.03,,07:13 PM,8
Andrézieux-Bouthéon,FR,0.92,1.04,-0.1,86,1033,Clear,07:17 AM,04:00 PM,3.09,,07:14 PM,0
Saint-Sandoux,FR,-2.38,-2.38,-2.38,93,1032,Clear,07:22 AM,04:04 PM,1.54,,07:14 PM,0
Ambacourt,FR,4.08,5.38,-0.01,87,1035,Clear,07:21 AM,03:41 PM,4.12,,07:14 PM,0
Essonne,FR,6,7.24,4.22,91,1035,Clear,07:37 AM,03:56 PM,4.63,,07:14 PM,0
Arrondissement de Romorantin-Lanthenay,FR,5.11,6.05,4.27,93,1033,Clear,07:34 AM,04:02 PM,2.57,,07:14 PM,0
Kerfeunteun,FR,8.27,9.39,7.97,87,1031,Clouds,08:01 AM,04:24 PM,5.66,,07:14 PM,90
Arrondissement de Dax,FR,5.51,8.3,3.81,96,1026,Clear,07:33 AM,04:28 PM,1.03,,07:15 PM,0
Deux-Sèvres,FR,2.6,3.85,2.34,87,1030,Clear,07:39 AM,04:14 PM,6.53,,07:15 PM,0
Arrondissement de Niort,FR,3.14,3.55,2.88,87,1029,Clear,07:39 AM,04:15 PM,1.34,,07:12 PM,0
Hautes-Alpes,FR,-2.93,-1.47,-4.42,59,1036,Clear,07:05 AM,03:54 PM,2.72,,07:15 PM,0
Le Fango,FR,9.14,10.33,4.79,68,1032,Clear,06:47 AM,03:49 PM,0.45,,07:15 PM,0
Arrondissement de Dinan,FR,6.97,7.85,6.33,22,1033,Clear,07:55 AM,04:14 PM,5.03,,07:14 PM,1
Arrondissement de La Rochelle,FR,4.02,4.51,3.62,87,1029,Clear,07:41 AM,04:18 PM,7.72,,07:15 PM,0
Saint-Médard-d'Aunis,FR,3.85,4.36,3.47,87,1029,Clear,07:41 AM,04:18 PM,7.72,,07:15 PM,0
Saint-Médard-d'Aunis,FR,3.9,4.4,3.52,87,1029,Clear,07:41 AM,04:18 PM,7.72,,07:15 PM,0
Arrondissement d'Amiens,FR,6.82,7.57,6.46,24,1038,Clear,07:44 AM,03:50 PM,5.22,,07:15 PM,7
Arrondissement de Strasbourg,FR,2.78,6.1,0.14,87,1038,Clear,07:16 AM,03:34 PM,2.57,,07:15 PM,0
Arrondissement de Nanterre,FR,6.76,7.8,5.08,91,1035,Clouds,07:39 AM,03:54 PM,5.14,,07:15 PM,20
Arrondissement d'Argentan,FR,6.47,6.47,6.47,86,1035,Clear,07:48 AM,04:05 PM,4.56,,07:15 PM,0
Arrondissement de Créteil,FR,6.69,7.9,5.17,91,1035,Clear,07:38 AM,03:54 PM,3.6,,07:15 PM,0
Arrondissement de Saint-Denis,FR,6.74,7.88,5.15,92,1035,Clouds,07:39 AM,03:54 PM,1.34,,07:13 PM,20
Juan-les-Pins,FR,10.2,12.52,7.01,66,1028,Clear,06:59 AM,03:56 PM,1.54,,07:15 PM,0
Tarbes,FR,3.84,6.16,3.36,93,1026,Clear,07:26 AM,04:25 PM,1.03,,07:12 PM,0
Arrondissement de Perpignan,FR,8.15,9.68,5.21,81,1030,Clouds,07:13 AM,04:16 PM,2.06,,07:15 PM,90
Arrondissement de Caen,FR,7.1,7.12,6.25,87,1035,Clouds,07:51 AM,04:04 PM,6.69,,07:14 PM,90
Brie-Comte-Robert,FR,6.16,7.63,4.9,94,1035,Clear,07:37 AM,03:54 PM,3.6,,07:15 PM,0
Arrondissement du Mans,FR,7.98,8.02,6.34,81,1033,Clouds,07:43 AM,04:06 PM,5.66,,07:15 PM,75
Loos,FR,7.77,8.3,6.55,89,1038,Mist,07:44 AM,03:43 PM,6.17,,07:15 PM,90
Aubière,FR,-0.39,-0.39,-0.54,93,1032,Clear,07:23 AM,04:04 PM,1.54,,07:15 PM,0
Viale,FR,4.74,5.47,4.73,83,1029,Clear,07:30 AM,04:13 PM,1.9,,07:15 PM,0
Ville-d'Avray,FR,6.07,7.1,4.37,92,1035,Clouds,07:39 AM,03:55 PM,5.14,,07:15 PM,20
Arrondissement de Fontainebleau,FR,5.26,7.6,3.94,83,1035,Clear,07:35 AM,03:55 PM,4.39,,07:15 PM,0
Montreuil,FR,6.29,7.49,4.76,92,1036,Clear,07:38 AM,03:54 PM,1.34,,07:15 PM,0
Chamalières,FR,-0.57,0.74,-0.72,93,1032,Clear,07:23 AM,04:04 PM,1.54,,07:15 PM,0
Arrondissement de Nevers,FR,2.14,2.33,2.14,89,1033,Clear,07:26 AM,03:58 PM,1.52,,07:15 PM,0
Rambouillet,FR,5.93,7.1,4.37,91,1035,Clear,07:40 AM,03:57 PM,5.16,,07:14 PM,0
La Seyne-sur-Mer,FR,9.6,12.71,3.98,69,1028,Clear,07:02 AM,04:02 PM,2.12,,07:15 PM,0
Mondeville,FR,7.29,7.32,6.44,87,1035,Clouds,07:51 AM,04:03 PM,6.69,,07:15 PM,90
Arrondissement de Châteaudun,FR,5.2,6.49,4.45,83,1034,Clear,07:39 AM,04:01 PM,5.63,,07:15 PM,0
Arrondissement de Saverne,FR,4.56,6.01,-0.79,94,1038,Clear,07:19 AM,03:35 PM,2.62,,07:15 PM,5
Guérande,FR,8.47,9.26,7.86,77,1030,Clear,07:51 AM,04:20 PM,9.98,,07:15 PM,0
Montpeloux,FR,-2.82,-2.81,-5.34,83,1033,Clear,07:19 AM,04:02 PM,0.51,,07:15 PM,0
Bruges,FR,5.3,5.58,3.02,93,1027,Clear,07:34 AM,04:22 PM,1.54,,07:15 PM,0
Lacanau,FR,5.15,5.57,3.01,83,1027,Clear,07:37 AM,04:23 PM,3.57,,07:15 PM,0
Gavray-sur-Sienne,FR,7.94,8.51,7.01,85,1034,Clear,07:54 AM,04:09 PM,5.96,,07:15 PM,3
Baron-sur-Odon,FR,7.02,7.03,6.15,87,1035,Clouds,07:51 AM,04:04 PM,6.69,,07:11 PM,90
Biguglia,FR,7.94,9.81,4.27,70,1031,Clear,06:46 AM,03:50 PM,2.06,,07:15 PM,0
Vico,FR,6.76,7.38,4.66,71,1028,Clear,06:47 AM,03:54 PM,1.79,,07:15 PM,0
Crépy-en-Valois,FR,6.11,7.46,4.32,89,1037,Clear,07:38 AM,03:50 PM,4.14,,07:15 PM,0
Châteauneuf-les-Martigues,FR,3.65,12.51,0.97,93,1030,Clear,07:06 AM,04:04 PM,2.06,,07:13 PM,0
Sommesous,FR,3.68,6.81,2.52,100,1036,Clear,07:31 AM,03:47 PM,4.63,,07:15 PM,0
Wasquehal,FR,7.65,8.28,6.53,89,1038,Mist,07:44 AM,03:43 PM,6.17,,07:14 PM,90
Voiron,FR,2.61,4.8,-0.2,84,1033,Clear,07:11 AM,03:55 PM,5.81,,07:15 PM,0
Voiron,FR,2.79,4.97,0.53,84,1033,Clear,07:11 AM,03:55 PM,5.81,,07:10 PM,9
Vitry-sur-Seine,FR,6.74,7.9,4.75,91,1035,Clear,07:38 AM,03:54 PM,3.6,,07:15 PM,0
Vitrolles,FR,2.49,11.49,-0.04,90,1030,Clear,07:06 AM,04:03 PM,2.06,,07:15 PM,0
Vitrolles,FR,2.94,11.93,0.4,90,1030,Clear,07:06 AM,04:03 PM,2.06,,07:13 PM,0
Viroflay,FR,6.34,7.36,4.2,91,1035,Clouds,07:39 AM,03:55 PM,5.14,,07:15 PM,20
Arrondissement de Nogent-sur-Marne,FR,6.36,7.6,4.87,92,1036,Clear,07:38 AM,03:54 PM,1.34,,07:10 PM,0
Vincennes,FR,6.56,7.76,4.6,91,1036,Clear,07:38 AM,03:54 PM,1.34,,07:15 PM,0
Villiers-sur-Marne,FR,6.17,7.51,4.35,92,1036,Clear,07:38 AM,03:53 PM,3.09,,07:15 PM,0
Villiers-le-Bel,FR,6.46,7.61,4.45,93,1036,Clear,07:39 AM,03:53 PM,3.09,,07:15 PM,0
Villers-lès-Nancy,FR,2.98,5.32,0.96,87,1034,Clear,07:23 AM,03:40 PM,1.54,,07:15 PM,0
Villers-lès-Nancy,FR,3.14,5.5,1.14,87,1034,Clear,07:23 AM,03:40 PM,1.54,,07:15 PM,0
Arrondissement du Raincy,FR,6.37,7.64,4.49,92,1036,Clear,07:38 AM,03:53 PM,1.34,,07:15 PM,0
Villepinte,FR,6.45,7.73,4.58,93,1036,Clear,07:38 AM,03:53 PM,5.66,,07:15 PM,0
Villeneuve-la-Garenne,FR,6.75,7.95,4.68,91,1035,Mist,07:39 AM,03:54 PM,1.34,,07:16 PM,20
Villemomble,FR,6.32,7.69,4.41,92,1036,Mist,07:38 AM,03:53 PM,1.34,,07:16 PM,20
Arrondissement de L'Haÿ-les-Roses,FR,6.34,7.55,4.27,92,1035,Clear,07:38 AM,03:54 PM,0.45,,07:16 PM,0
Villejuif,FR,6.29,7.51,4.23,92,1035,Clear,07:38 AM,03:54 PM,0.45,,07:16 PM,0
Villefranche-sur-Saône,FR,1.38,2.3,-0.25,92,1033,Clear,07:17 AM,03:56 PM,1.11,,07:15 PM,0
Villefontaine,FR,1.66,3.76,0.53,93,1033,Clouds,07:14 AM,03:56 PM,1.03,,07:16 PM,40
Villefontaine,FR,1.55,3.65,0.42,93,1033,Clouds,07:14 AM,03:56 PM,1.03,,07:16 PM,40
Vigneux-sur-Seine,FR,6.55,7.88,4.6,92,1035,Clear,07:38 AM,03:54 PM,4.12,,07:16 PM,0
Vierzon,FR,3.84,5.96,2.29,89,1033,Clear,07:33 AM,04:02 PM,3.99,,07:16 PM,0
Vertou,FR,8.07,9.14,7.92,76,1030,Clouds,07:47 AM,04:17 PM,7.2,,07:16 PM,90
Vertou,FR,7.96,9.03,7.81,76,1030,Clouds,07:47 AM,04:16 PM,7.2,,07:16 PM,90
Vernon,FR,6.64,7.86,5.67,90,1036,Clouds,07:43 AM,03:57 PM,5.34,,07:16 PM,60
Verneuil-sur-Seine,FR,6.99,7.99,5.59,93,1036,Mist,07:41 AM,03:55 PM,2.68,,07:16 PM,90
Vénissieux,FR,1.31,3.65,-0.24,97,1034,Clouds,07:15 AM,03:57 PM,1.03,,07:16 PM,40
Vélizy-Villacoublay,FR,5.82,6.96,3.68,92,1035,Clear,07:39 AM,03:55 PM,5.14,,07:16 PM,0
Vauréal,FR,6.87,7.88,5.48,93,1036,Mist,07:41 AM,03:55 PM,5.66,,07:16 PM,90
Vaulx-en-Velin,FR,1.44,3.79,-0.1,97,1034,Clouds,07:16 AM,03:56 PM,1.03,,07:16 PM,40
Vaulx-en-Velin,FR,1.41,3.78,-0.11,97,1034,Clouds,07:16 AM,03:56 PM,1.03,,07:16 PM,40
Vanves,FR,6.6,7.74,4.46,92,1035,Clear,07:39 AM,03:54 PM,0.45,,07:16 PM,0
Vannes,FR,8.78,9.51,8.22,81,1031,Clouds,07:54 AM,04:20 PM,7.72,,07:16 PM,90
Vandœuvre-lès-Nancy,FR,3.2,5.56,1.21,85,1037,Clear,07:22 AM,03:40 PM,1.54,,07:16 PM,0
Vandœuvre-lès-Nancy,FR,3.26,5.56,1.21,87,1037,Clear,07:22 AM,03:40 PM,1.54,,07:14 PM,0
Valenciennes,FR,7.78,8.45,6.86,99,1038,Clear,07:41 AM,03:42 PM,4.51,,07:12 PM,3
Valence,FR,4.55,5.15,2.67,85,1033,Clear,07:13 AM,04:00 PM,2.41,,07:16 PM,0
Tulle,FR,5.44,9.41,5.44,80,1030,Clear,07:26 AM,04:11 PM,1.85,,07:16 PM,0
Tremblay-en-France,FR,6.3,7.73,4.57,93,1036,Mist,07:38 AM,03:53 PM,5.14,,07:16 PM,40
Trappes,FR,5.93,7.06,3.79,93,1035,Clear,07:40 AM,03:56 PM,3.6,,07:16 PM,0
Tours,FR,6.32,6.32,6.32,87,1032,Clear,07:39 AM,04:07 PM,4.63,,07:16 PM,0
Tournefeuille,FR,8.47,9.84,7.09,81,1028,Clear,07:22 AM,04:19 PM,6.17,,07:16 PM,0
Tournefeuille,FR,8.22,9.65,6.9,81,1028,Clear,07:22 AM,04:19 PM,6.17,,07:16 PM,0
Torcy,FR,5.79,7.48,3.92,93,1036,Mist,07:37 AM,03:53 PM,5.14,,07:16 PM,40
Thiais,FR,6.3,7.55,4.27,92,1035,Clear,07:38 AM,03:54 PM,4.12,,07:16 PM,0
Tergnier,FR,7.39,7.51,6.6,93,1037,Clear,07:38 AM,03:47 PM,3.58,,07:16 PM,0
Tergnier,FR,7.38,7.49,7.09,93,1037,Clear,07:38 AM,03:47 PM,3.59,,07:16 PM,0
Tassin-la-Demi-Lune,FR,1.02,2.81,-0.33,96,1034,Clear,07:16 AM,03:57 PM,1.03,,07:16 PM,0
Suresnes,FR,6.78,7.93,4.66,91,1035,Clear,07:39 AM,03:54 PM,0.45,,07:16 PM,0
Sucy-en-Brie,FR,6.06,7.51,4.23,92,1035,Clear,07:37 AM,03:54 PM,4.12,,07:16 PM,0
Stains,FR,6.62,7.88,4.73,92,1036,Mist,07:39 AM,03:54 PM,3.09,,07:16 PM,20
Sotteville-lès-Rouen,FR,6.48,7.02,5.9,91,1035,Clouds,07:46 AM,03:57 PM,2.24,,07:16 PM,90
Sorgues,FR,4.28,8.04,0.04,78,1031,Clear,07:09 AM,04:03 PM,1.03,,07:16 PM,0
Sorgues,FR,4.3,8.03,0.03,78,1031,Clear,07:09 AM,04:03 PM,1.03,,07:16 PM,0
Soissons,FR,6.1,6.6,3.27,91,1037,Clear,07:37 AM,03:48 PM,3.84,,07:16 PM,0
Six-Fours-les-Plages,FR,9.58,12.47,3.74,66,1028,Clear,07:02 AM,04:02 PM,2.16,,07:16 PM,0
Six-Fours-les-Plages,FR,9.35,12.27,3.55,67,1028,Clear,07:02 AM,04:02 PM,2.13,,07:16 PM,0
Seynod,FR,1.07,5.67,-1.86,87,1034,Clouds,07:11 AM,03:51 PM,3.6,,07:16 PM,90
Seynod,FR,1.17,5.76,-1.77,87,1034,Clouds,07:11 AM,03:51 PM,3.6,,07:16 PM,90
Sevran,FR,6.37,7.77,4.62,93,1036,Mist,07:38 AM,03:53 PM,3.09,,07:16 PM,20
Arrondissement de Sens,FR,3.67,4.77,3.53,91,1035,Clear,07:32 AM,03:53 PM,3.59,,07:16 PM,0
Sens,FR,4.11,5.26,4,90,1035,Clear,07:32 AM,03:53 PM,3.56,,07:16 PM,0
Senlis,FR,6.32,7.77,4.61,93,1036,Clear,07:39 AM,03:52 PM,3.37,,07:16 PM,0
Arrondissement de Sélestat-Erstein,FR,1.25,3.8,-0.88,92,1038,Clear,07:16 AM,03:36 PM,1.84,,07:16 PM,4
Sélestat,FR,2.06,4.2,-0.01,93,1037,Clear,07:16 AM,03:36 PM,3.09,,07:16 PM,0
Sedan,FR,6.02,6.93,5.9,93,1038,Clear,07:32 AM,03:40 PM,3.29,,07:16 PM,0
Schiltigheim,FR,2.89,6.12,0.16,87,1038,Clouds,07:16 AM,03:34 PM,3.09,,07:16 PM,20
Sceaux,FR,6.38,7.55,4.27,92,1035,Clear,07:38 AM,03:55 PM,0.45,,07:16 PM,0
Savigny-le-Temple,FR,5.66,7.66,4.09,98,1035,Clear,07:36 AM,03:54 PM,2.06,,07:16 PM,0
Saumur,FR,7.5,8.18,3.31,80,1031,Clear,07:42 AM,04:11 PM,6.34,,07:16 PM,3
Sartrouville,FR,6.66,7.77,4.49,92,1036,Mist,07:40 AM,03:54 PM,3.09,,07:16 PM,20
Sarcelles,FR,6.46,7.61,4.45,93,1036,Clear,07:39 AM,03:53 PM,3.09,,07:15 PM,0
Arrondissement d'Argenteuil,FR,6.77,7.93,4.65,90,1036,Clouds,07:39 AM,03:54 PM,3.09,,07:16 PM,20
Sannois,FR,6.3,7.45,4.17,91,1036,Clouds,07:39 AM,03:54 PM,3.09,,07:17 PM,20
Sanary-sur-Mer,FR,10.12,12.71,3.98,66,1028,Clear,07:03 AM,04:02 PM,2.06,,07:17 PM,0
Sanary-sur-Mer,FR,10.12,12.71,3.98,66,1028,Clear,07:03 AM,04:02 PM,2.06,,07:17 PM,0
Sallanches,FR,0.99,4.37,-2.31,59,1036,Clear,07:09 AM,03:49 PM,3.33,,07:17 PM,1
Sallanches,FR,0.99,4.37,-2.31,59,1036,Clear,07:09 AM,03:49 PM,3.33,,07:17 PM,1
Saint-Sébastien-sur-Loire,FR,8.03,9.1,7.88,78,1030,Clouds,07:47 AM,04:16 PM,7.2,,07:17 PM,90
Saint-Raphaël,FR,8.47,12.35,4.51,64,1028,Clear,07:00 AM,03:58 PM,2.08,,07:17 PM,0
Arrondissement de Saint-Quentin,FR,7.05,7.16,6.76,93,1038,Clear,07:39 AM,03:46 PM,4.01,,07:17 PM,1
Saint-Quentin,FR,7.03,7.27,6.79,93,1038,Clear,07:39 AM,03:46 PM,4.11,,07:17 PM,1
Saint-Priest,FR,1.45,3.48,-0.01,97,1034,Clouds,07:15 AM,03:57 PM,1.03,,07:17 PM,40
Saint-Ouen-l'Aumône,FR,6.95,7.97,5.56,96,1036,Mist,07:40 AM,03:54 PM,5.66,,07:17 PM,90
Saint-Michel-sur-Orge,FR,6.56,7.86,4.58,92,1035,Clear,07:38 AM,03:55 PM,4.12,,07:17 PM,0
Saint-Maximin-la-Sainte-Baume,FR,6.46,10.77,-0.6,65,1029,Clear,07:03 AM,04:01 PM,1.46,,07:17 PM,0
Saint-Maur-des-Fossés,FR,6.47,7.86,4.58,91,1035,Clear,07:38 AM,03:54 PM,4.12,,07:16 PM,0
Saint-Martin-d'Hères,FR,2.9,5.33,0.33,89,1035,Clouds,07:10 AM,03:55 PM,1.77,,07:17 PM,15
Saint-Mandé,FR,6.53,7.8,4.53,91,1035,Clear,07:38 AM,03:54 PM,1.34,,07:17 PM,0
Saint-Leu-la-Forêt,FR,6.49,7.61,4.45,95,1036,Mist,07:40 AM,03:54 PM,3.09,,07:17 PM,20
Saint-Laurent-d'Andenay,FR,1.16,2.82,-1.5,94,1034,Clear,07:21 AM,03:54 PM,1.99,,07:17 PM,0
Saint-Leu,FR,1.22,2.71,-1.61,94,1034,Clear,07:21 AM,03:54 PM,2.01,,07:17 PM,0
Saint-Laurent-du-Var,FR,10.79,12.1,9.77,66,1028,Clear,06:59 AM,03:55 PM,4.12,,07:17 PM,0
Saint-Gratien,FR,6.64,7.82,4.55,91,1036,Clouds,07:39 AM,03:54 PM,3.09,,07:17 PM,20
Arrondissement de Saintes,FR,3.7,4.16,3.43,80,1028,Clear,07:38 AM,04:19 PM,3.66,,07:17 PM,0
Saintes,FR,3.86,4.68,3.6,100,1028,Clear,07:38 AM,04:19 PM,3.61,,07:17 PM,0
Sainte-Geneviève-des-Bois,FR,6.31,7.63,4.35,92,1035,Clear,07:38 AM,03:55 PM,4.12,,07:15 PM,0
Sainte-Foy-lès-Lyon,FR,0.83,2.74,-0.94,93,1033,Clear,07:16 AM,03:57 PM,0.51,,07:14 PM,0
Saint-Égrève,FR,2.9,5.36,0.35,81,1035,Clouds,07:11 AM,03:55 PM,0.45,,07:17 PM,16
Saint-Dié-des-Vosges,FR,2.04,3.84,-0.23,89,1037,Clear,07:18 AM,03:38 PM,2.35,,07:17 PM,0
Saint-Cyr-l'École,FR,6.12,7.24,3.96,92,1035,Clear,07:39 AM,03:55 PM,3.6,,07:17 PM,0
Saint-Cloud,FR,6.37,7.51,4.23,92,1035,Clear,07:39 AM,03:55 PM,0.45,,07:17 PM,0
Saint-Chamond,FR,0.74,1.66,-0.21,93,1032,Clear,07:16 AM,03:59 PM,2.57,,07:17 PM,0
Saint-Chamond,FR,0.72,1.66,-0.21,93,1032,Clear,07:16 AM,03:59 PM,2.57,,07:17 PM,0
Saint-Amand-les-Eaux,FR,7.86,8.33,6.94,99,1037,Clear,07:42 AM,03:42 PM,4.48,,07:17 PM,2
Rueil-Malmaison,FR,6.76,7.75,4.6,90,1035,Clouds,07:39 AM,03:55 PM,5.14,,07:15 PM,20
Royan,FR,3.87,4.03,3.6,80,1028,Clear,07:39 AM,04:21 PM,4.41,,07:17 PM,0
Rouen,FR,6.49,7.01,5.89,91,1035,Clouds,07:46 AM,03:57 PM,2.24,,07:17 PM,90
Ronchin,FR,7.63,8.15,6.4,87,1038,Mist,07:44 AM,03:43 PM,7.2,,07:17 PM,90
Romans-sur-Isère,FR,3.74,4.89,2.41,84,1033,Clear,07:12 AM,03:59 PM,2.14,,07:12 PM,0
Romainville,FR,6.11,7.4,4.12,91,1035,Mist,07:38 AM,03:54 PM,1.34,,07:17 PM,20
Roissy-en-Brie,FR,5.64,7.4,3.84,95,1036,Clear,07:37 AM,03:53 PM,3.83,,07:17 PM,0
Ris-Orangis,FR,6.31,7.67,4.39,93,1035,Clear,07:37 AM,03:55 PM,4.12,,07:17 PM,0
Rillieux-la-Pape,FR,0.98,2.82,-0.86,93,1033,Clear,07:16 AM,03:56 PM,0.51,,07:13 PM,0
Rillieux-la-Pape,FR,0.9,2.29,-0.43,96,1034,Clouds,07:16 AM,03:56 PM,1.03,,07:17 PM,40
Rennes,FR,8.61,8.94,7.1,84,1032,Clouds,07:51 AM,04:13 PM,7.72,,07:14 PM,90
Puteaux,FR,6.82,7.88,5.15,91,1035,Clouds,07:39 AM,03:54 PM,5.14,,07:13 PM,20
Port-de-Bouc,FR,3.72,8.21,0.21,84,1030,Clear,07:07 AM,04:05 PM,2.06,,07:17 PM,0
Port-de-Bouc,FR,3.63,8.11,0.11,84,1030,Clear,07:07 AM,04:05 PM,2.06,,07:17 PM,0
Pont-à-Mousson,FR,3.17,5.9,1.54,89,1032,Clear,07:24 AM,03:39 PM,0,,07:17 PM,0
Poissy,FR,6.91,7.96,4.68,93,1036,Mist,07:40 AM,03:55 PM,2.68,,07:17 PM,90
Ploemeur,FR,8.11,8.64,8.05,86,1031,Clouds,07:57 AM,04:22 PM,7.2,,07:17 PM,90
Plaisir,FR,6.32,7.4,4.12,91,1035,Clear,07:40 AM,03:56 PM,3.6,,07:17 PM,0
Plaisance-du-Touch,FR,8.26,9.88,7.03,81,1028,Clear,07:22 AM,04:19 PM,6.17,,07:17 PM,0
Plaisance-du-Touch,FR,8.24,9.86,7.02,81,1028,Clear,07:22 AM,04:19 PM,6.17,,07:17 PM,0
Pierrefitte-sur-Seine,FR,6.55,7.8,4.64,92,1036,Mist,07:39 AM,03:54 PM,3.09,,07:17 PM,20
Arrondissement d'Apt,FR,-1.32,5.57,-2.43,72,1030,Clear,07:07 AM,04:02 PM,1.31,,07:17 PM,0
Pertuis,FR,1.33,11.38,-1.15,71,1030,Clear,07:06 AM,04:02 PM,0.95,,07:17 PM,0
Pantin,FR,6.55,7.82,4.55,92,1035,Mist,07:39 AM,03:54 PM,1.34,,07:17 PM,20
Pantin,FR,6.51,7.79,4.51,92,1035,Mist,07:38 AM,03:54 PM,1.34,,07:17 PM,20
Oyonnax,FR,-0.97,1.34,-3.89,96,1036,Clear,07:14 AM,03:52 PM,2.42,,07:17 PM,5
Oyonnax,FR,-0.12,2.35,-2.32,96,1035,Clear,07:15 AM,03:52 PM,2.38,,07:13 PM,4
Osny,FR,6.65,7.64,5.23,96,1036,Mist,07:41 AM,03:54 PM,5.66,,07:17 PM,90
Orvault,FR,7.87,8.95,7.73,79,1030,Clouds,07:48 AM,04:17 PM,7.2,,07:18 PM,90
Orsay,FR,6.67,7.71,4.98,91,1035,Clear,07:39 AM,03:55 PM,0.89,,07:15 PM,0
Orly,FR,6.52,7.84,4.56,92,1035,Clear,07:38 AM,03:54 PM,4.12,,07:18 PM,0
Olivet,FR,5.67,6.12,4.2,89,1032,Clear,07:36 AM,04:00 PM,2.24,,07:18 PM,0
Olivet,FR,5.66,6.1,4.18,89,1032,Clear,07:36 AM,04:00 PM,2.24,,07:16 PM,0
Noisy-le-Sec,FR,6.34,7.69,4.42,92,1035,Mist,07:38 AM,03:53 PM,1.34,,07:18 PM,20
Noisy-le-Grand,FR,6.19,7.66,4.5,93,1036,Mist,07:38 AM,03:53 PM,3.09,,07:18 PM,20
Noisiel,FR,6.02,7.71,4.14,93,1036,Mist,07:37 AM,03:53 PM,5.14,,07:18 PM,40
Nogent-sur-Marne,FR,6.45,7.83,4.55,92,1035,Clear,07:38 AM,03:54 PM,4.12,,07:18 PM,0
Niort,FR,3.58,3.98,3.55,89,1029,Clear,07:39 AM,04:16 PM,1.34,,07:18 PM,0
Nîmes,FR,5.63,8,0.86,75,1030,Clear,07:11 AM,04:06 PM,2.57,,07:15 PM,0
Nice,FR,11.08,12.3,9.8,66,1028,Clear,06:59 AM,03:55 PM,4.12,,07:16 PM,0
Neuilly-sur-Seine,FR,6.7,7.86,4.58,92,1035,Clear,07:39 AM,03:54 PM,0.45,,07:17 PM,0
Neuilly-sur-Marne,FR,6.43,7.86,4.58,92,1036,Mist,07:38 AM,03:53 PM,3.09,,07:18 PM,20
Neuilly-Plaisance,FR,6.45,7.72,4.99,92,1036,Clear,07:38 AM,03:53 PM,1.34,,07:14 PM,0
Nancy,FR,3.21,5.85,1.49,84,1035,Clear,07:22 AM,03:39 PM,1.54,,07:18 PM,0
Muret,FR,8,9.77,6.92,81,1028,Clear,07:22 AM,04:19 PM,6.17,,07:18 PM,0
Muret,FR,8,9.77,6.92,81,1028,Clear,07:22 AM,04:19 PM,6.17,,07:18 PM,0
Mougins,FR,8.89,11.31,5.97,66,1028,Clear,06:59 AM,03:56 PM,1.54,,07:18 PM,0
Mont-Saint-Aignan,FR,5.6,6.09,4.97,91,1035,Clouds,07:46 AM,03:56 PM,2.24,,07:18 PM,90
Montrouge,FR,6.5,7.66,4.38,92,1035,Clear,07:39 AM,03:54 PM,0.45,,07:17 PM,0
Montivilliers,FR,6.52,7.24,5.76,93,1036,Clouds,07:50 AM,04:00 PM,6.17,,07:18 PM,90
Montigny-lès-Metz,FR,4.24,7.25,3.1,91,1037,Clear,07:24 AM,03:38 PM,2.57,,07:18 PM,0
Montigny-lès-Cormeilles,FR,6.53,7.66,4.38,94,1036,Mist,07:40 AM,03:54 PM,5.66,,07:18 PM,90
Montigny-le-Bretonneux,FR,5.9,7.08,3.81,92,1035,Clear,07:39 AM,03:56 PM,3.6,,07:18 PM,0
Montgeron,FR,6.21,7.62,4.34,92,1035,Clear,07:37 AM,03:54 PM,4.12,,07:18 PM,0
Montfermeil,FR,5.96,7.4,4.25,93,1036,Mist,07:38 AM,03:53 PM,3.09,,07:18 PM,20
Montesson,FR,6.72,7.85,4.57,91,1035,Clear,07:40 AM,03:55 PM,5.14,,07:18 PM,0
Montereau-Fault-Yonne,FR,4.68,7.76,4.15,85,1035,Clear,07:34 AM,03:54 PM,4.64,,07:18 PM,0
Montereau-Fault-Yonne,FR,4.68,7.76,4.15,85,1035,Clear,07:34 AM,03:54 PM,4.64,,07:18 PM,0
Montceau-les-Mines,FR,2.01,2.98,-1.29,95,1034,Clear,07:21 AM,03:55 PM,1.58,,07:18 PM,0
Montbrison,FR,0.4,0.49,-0.64,85,1033,Clear,07:18 AM,04:01 PM,0.86,,07:18 PM,0
Montbrison,FR,0.4,0.49,-0.64,85,1033,Clear,07:18 AM,04:01 PM,0.86,,07:17 PM,0
Montauban,FR,8.83,10.11,3.84,85,1028,Clear,07:23 AM,04:17 PM,2.83,,07:18 PM,0
Mons-en-Barœul,FR,7.66,8.24,6.48,87,1038,Mist,07:44 AM,03:43 PM,7.2,,07:18 PM,90
Moissy-Cramayel,FR,5.6,7.56,4,97,1035,Clear,07:36 AM,03:54 PM,2.06,,07:18 PM,0
Mitry-Mory,FR,6.19,7.66,4.5,93,1036,Mist,07:38 AM,03:52 PM,5.14,,07:18 PM,40
Miramas,FR,2.95,7.88,-0.12,87,1030,Clear,07:07 AM,04:04 PM,2.06,,07:18 PM,0
Millau,FR,9.38,9.38,9.38,82,1031,Clear,07:17 AM,04:10 PM,2.13,,07:17 PM,0
Meyzieu,FR,1.78,4.21,-0.29,93,1033,Clear,07:15 AM,03:56 PM,0.51,,07:13 PM,0
Meylan,FR,3.01,5.35,0.35,89,1035,Clouds,07:10 AM,03:55 PM,1.83,,07:18 PM,17
Metz,FR,4.24,7.17,3.02,91,1037,Clear,07:24 AM,03:38 PM,2.57,,07:18 PM,0
Melun,FR,5.52,7.78,4.12,98,1035,Clear,07:36 AM,03:54 PM,2.06,,07:18 PM,0
Meaux,FR,6.22,7.74,5.14,86,1036,Clear,07:37 AM,03:52 PM,4.43,,07:15 PM,0
Arrondissement de Mayenne,FR,7.69,7.69,7.69,77,1033,Clear,07:48 AM,04:08 PM,6.45,,07:18 PM,0
Mayenne,FR,7.95,7.95,7.95,77,1033,Clear,07:48 AM,04:08 PM,6.69,,07:18 PM,0
Mauguio,FR,6.34,8.3,4.95,78,1030,Clear,07:11 AM,04:08 PM,1.54,,07:18 PM,0
Maubeuge,FR,6.85,7.79,5.76,61,1037,Clear,07:39 AM,03:41 PM,0.89,,07:18 PM,8
Massy,FR,6.26,7.54,4.26,92,1035,Clear,07:38 AM,03:55 PM,4.12,,07:18 PM,0
Martigues,FR,3.61,5.51,0.14,84,1030,Clear,07:07 AM,04:04 PM,2.06,,07:18 PM,0
Marly-le-Roi,FR,6.08,7.09,4.36,91,1035,Clear,07:40 AM,03:55 PM,3.09,,07:14 PM,0
Marcq-en-Barœul,FR,7.7,8.32,6.57,87,1038,Mist,07:44 AM,03:43 PM,7.2,,07:18 PM,90
Mantes-la-Ville,FR,6.9,7.79,5.5,91,1036,Clouds,07:42 AM,03:56 PM,0.89,,07:18 PM,23
Mandelieu-la-Napoule,FR,9.17,11.9,6.55,75,1028,Clear,06:59 AM,03:56 PM,1.54,,07:18 PM,0
Malakoff,FR,6.51,7.69,4.41,92,1035,Clear,07:39 AM,03:54 PM,0.45,,07:18 PM,0
Mâcon,FR,1.37,3.91,-0.36,92,1034,Clear,07:18 AM,03:55 PM,0.98,,07:18 PM,0
Lunel,FR,6.17,8.28,0.15,81,1030,Clear,07:11 AM,04:07 PM,1.54,,07:18 PM,0
Lunel,FR,6.17,8.29,0.16,81,1030,Clear,07:11 AM,04:07 PM,1.54,,07:18 PM,0
Lourdes,FR,3,5.51,2.71,87,1026,Clear,07:26 AM,04:26 PM,2.06,,07:18 PM,0
Lorient,FR,8.28,8.79,8.19,85,1032,Clouds,07:57 AM,04:22 PM,1.79,,07:18 PM,90
Lons-le-Saunier,FR,0.71,4.13,-1.11,99,1034,Clear,07:17 AM,03:50 PM,1.18,,07:16 PM,2
Lognes,FR,5.71,7.42,3.85,93,1036,Clouds,07:37 AM,03:53 PM,3.09,,07:19 PM,20
Livry-Gargan,FR,5.97,7.43,4.27,93,1036,Mist,07:38 AM,03:53 PM,3.09,,07:19 PM,20
L'Isle-sur-la-Sorgue,FR,2.77,7.83,-0.18,86,1031,Clear,07:08 AM,04:03 PM,1.03,,07:19 PM,0
L'Isle-sur-la-Sorgue,FR,2.8,7.83,-0.18,86,1031,Clear,07:08 AM,04:03 PM,1.03,,07:19 PM,0
Limay,FR,7.03,8.01,5.72,89,1036,Clouds,07:42 AM,03:56 PM,0.89,,07:19 PM,23
Liévin,FR,7.64,8.17,6.94,85,1039,Clouds,07:44 AM,03:45 PM,4.21,,07:19 PM,26
L'Haÿ-les-Roses,FR,6.44,7.73,4.45,92,1035,Clear,07:38 AM,03:54 PM,0.45,,07:19 PM,0
Le Vésinet,FR,6.74,7.94,4.66,91,1035,Clear,07:40 AM,03:55 PM,5.14,,07:19 PM,0
Levallois-Perret,FR,6.68,7.94,4.66,91,1035,Clouds,07:39 AM,03:54 PM,1.34,,07:19 PM,20
Les Sables-d'Olonne,FR,4.54,4.54,4.08,76,1029,Clear,07:45 AM,04:20 PM,7.93,,07:16 PM,0
Les Pennes-Mirabeau,FR,2.73,11.8,-0.73,87,1030,Clear,07:05 AM,04:03 PM,2.06,,07:19 PM,0
Les Pennes-Mirabeau,FR,2.73,11.8,-0.73,87,1030,Clear,07:05 AM,04:03 PM,2.06,,07:19 PM,0
Les Mureaux,FR,6.97,8.01,5.72,93,1036,Mist,07:41 AM,03:55 PM,2.68,,07:19 PM,90
Les Lilas,FR,5.98,7.35,4.07,93,1035,Mist,07:38 AM,03:54 PM,1.34,,07:19 PM,20
Les Herbiers,FR,4.27,7.44,3.84,82,1030,Clear,07:44 AM,04:16 PM,7.19,,07:19 PM,0
Les Clayes-sous-Bois,FR,5.94,7.14,3.86,92,1035,Clear,07:40 AM,03:56 PM,3.6,,07:19 PM,0
Le Puy-en-Velay,FR,-0.51,-0.51,-0.51,88,1033,Clear,07:17 AM,04:03 PM,0.82,,07:19 PM,0
Le Pré-Saint-Gervais,FR,6.3,7.64,4.36,92,1035,Mist,07:38 AM,03:54 PM,1.34,,07:19 PM,20
Le Pontet,FR,4.22,8.1,0.1,78,1031,Clear,07:09 AM,04:03 PM,1.03,,07:19 PM,0
Le Plessis-Trévise,FR,5.82,7.45,3.8,93,1035,Clear,07:38 AM,03:53 PM,4.12,,07:19 PM,0
Le Plessis-Robinson,FR,6.14,7.3,4.02,92,1035,Clear,07:39 AM,03:55 PM,0.45,,07:16 PM,0
Le Petit-Quevilly,FR,6.54,7.06,5.94,91,1035,Clouds,07:46 AM,03:57 PM,2.24,,07:19 PM,90
Le Perreux-sur-Marne,FR,6.34,7.77,4.49,92,1035,Mist,07:38 AM,03:53 PM,1.34,,07:19 PM,20
Le Pecq,FR,6.51,7.6,4.32,90,1035,Clear,07:40 AM,03:55 PM,5.14,,07:17 PM,0
Lens,FR,7.72,8.23,7,85,1039,Clouds,07:44 AM,03:45 PM,4.16,,07:19 PM,22
Le Mée-sur-Seine,FR,5.58,7.77,4.1,98,1035,Clear,07:36 AM,03:54 PM,2.06,,07:19 PM,0
Le Kremlin-Bicêtre,FR,6.52,7.74,4.46,91,1035,Clear,07:38 AM,03:54 PM,0.45,,07:16 PM,0
Le Grand-Quevilly,FR,6.27,6.81,5.69,91,1035,Clouds,07:46 AM,03:57 PM,2.24,,07:19 PM,90
Arrondissement d'Autun,FR,1.93,2.31,-2.01,97,1034,Clear,07:23 AM,03:55 PM,1.42,,07:19 PM,0
Le Creusot,FR,1.61,2.82,-1.5,95,1034,Clear,07:22 AM,03:54 PM,1.8,,07:19 PM,0
Le Chesnay-Rocquencourt,FR,6.09,7.32,4.04,92,1035,Clear,07:39 AM,03:55 PM,5.14,,07:19 PM,0
Le Cannet,FR,9.52,12.03,6.69,67,1028,Clear,06:59 AM,03:56 PM,1.54,,07:18 PM,0
Le Bouscat,FR,5.28,5.57,2.01,93,1027,Clear,07:34 AM,04:22 PM,2.06,,07:19 PM,0
Le Blanc-Mesnil,FR,6.47,7.85,4.69,93,1036,Mist,07:38 AM,03:53 PM,3.09,,07:19 PM,20
Laxou,FR,3.03,5.64,1.28,85,1035,Clear,07:23 AM,03:40 PM,1.54,,07:19 PM,0
Laxou,FR,3.17,5.64,1.28,85,1034,Clear,07:23 AM,03:40 PM,1.54,,07:15 PM,0
Lanester,FR,8.32,8.82,8.23,85,1032,Clouds,07:57 AM,04:22 PM,1.79,,07:19 PM,90
Lambersart,FR,7.69,8.31,6.55,87,1038,Mist,07:44 AM,03:43 PM,7.2,,07:19 PM,90
La Madeleine,FR,7.7,8.29,6.53,87,1038,Mist,07:44 AM,03:43 PM,7.2,,07:19 PM,90
Lagny-sur-Marne,FR,6.09,7.83,4.27,94,1036,Mist,07:37 AM,03:53 PM,5.14,,07:19 PM,40
La Garenne-Colombes,FR,6.59,7.83,4.55,92,1035,Clear,07:39 AM,03:54 PM,0.45,,07:19 PM,0
La Garde,FR,8.95,12.54,4.3,78,1029,Clear,07:02 AM,04:02 PM,1.79,,07:19 PM,0
La Garde,FR,9.03,12.58,4.34,78,1029,Clear,07:02 AM,04:02 PM,1.79,,07:19 PM,0
La Ciotat,FR,6.19,8.09,1.14,58,1029,Clear,07:04 AM,04:03 PM,1.97,,07:19 PM,0
La Chapelle-sur-Erdre,FR,7.89,9.03,7.81,79,1031,Clouds,07:48 AM,04:16 PM,1.34,,07:19 PM,90
La Celle-Saint-Cloud,FR,5.85,7.07,3.79,92,1035,Clear,07:39 AM,03:55 PM,5.14,,07:19 PM,0
Jouy-le-Moutier,FR,6.58,7.67,5.27,94,1036,Mist,07:41 AM,03:55 PM,2.68,,07:19 PM,90
Joué-lès-Tours,FR,6.12,6.12,6.12,87,1032,Clear,07:39 AM,04:07 PM,4.63,,07:19 PM,0
Joinville-le-Pont,FR,6.38,7.79,4.51,91,1035,Clear,07:38 AM,03:54 PM,4.12,,07:19 PM,0
Issoire,FR,-1.41,-1.41,-1.41,81,1032,Clear,07:21 AM,04:04 PM,1.42,,07:19 PM,0
Illzach,FR,2.49,4.27,0.5,96,1038,Clear,07:14 AM,03:39 PM,2.18,,07:19 PM,0
Illkirch-Graffenstaden,FR,2.67,6.14,0.19,93,1038,Clouds,07:16 AM,03:34 PM,3.09,,07:19 PM,20
Houilles,FR,6.75,7.96,4.68,92,1035,Clear,07:39 AM,03:54 PM,5.14,,07:19 PM,0
Hérouville-Saint-Clair,FR,7.4,7.42,6.55,87,1035,Clouds,07:51 AM,04:03 PM,5.14,,07:19 PM,90
Herblay-sur-Seine,FR,6.62,7.67,4.95,93,1035,Mist,07:40 AM,03:54 PM,3.6,,07:15 PM,90
Hénin-Beaumont,FR,7.74,8.23,6.99,89,1039,Mist,07:43 AM,03:45 PM,7.2,,07:19 PM,90
Hem,FR,7.59,8.19,6.44,90,1038,Mist,07:43 AM,03:42 PM,7.2,,07:19 PM,90
Arrondissement de Thionville-Ouest,FR,5.26,7.46,2.9,93,1024,Clear,07:26 AM,03:37 PM,0.89,,07:19 PM,0
Hayange,FR,5.28,7.47,2.91,93,1024,Clear,07:26 AM,03:37 PM,0.89,,07:19 PM,0
Hautmont,FR,6.92,7.73,6.01,61,1038,Clear,07:39 AM,03:41 PM,4.81,,07:20 PM,7
Yutz,FR,5.63,7.78,3.21,93,1036,Clear,07:25 AM,03:36 PM,0.89,,07:20 PM,0
Haubourdin,FR,7.84,8.32,6.57,87,1038,Mist,07:44 AM,03:44 PM,1.79,,07:20 PM,90
Halluin,FR,7.61,8.31,6.53,97,1039,Clear,07:44 AM,03:42 PM,3.74,,07:20 PM,0
Guyancourt,FR,5.82,7.08,3.81,92,1035,Clear,07:39 AM,03:56 PM,3.6,,07:19 PM,0
Guéret,FR,-1.08,4.35,-1.31,83,1031,Clear,07:29 AM,04:07 PM,1.7,,07:20 PM,0
Guéret,FR,-1.08,4.35,-1.31,83,1031,Clear,07:29 AM,04:07 PM,1.7,,07:18 PM,0
Grasse,FR,6.5,8.77,3.42,68,1027,Clear,07:00 AM,03:56 PM,0.89,,07:20 PM,0
Grande-Synthe,FR,7.43,8.32,6.66,98,1035,Clouds,07:49 AM,03:44 PM,2.24,,07:20 PM,30
Grande-Synthe,FR,7.41,8.43,6.66,98,1035,Clouds,07:49 AM,03:44 PM,2.24,,07:20 PM,31
Gonesse,FR,6.41,7.8,4.65,93,1036,Mist,07:39 AM,03:53 PM,3.09,,07:20 PM,20
Givors,FR,1.58,3.62,0.58,85,1034,Clear,07:16 AM,03:58 PM,1.14,,07:20 PM,0
Givors,FR,1.82,3.86,0.81,85,1034,Clear,07:16 AM,03:58 PM,1.13,,07:19 PM,0
Gien,FR,3.73,5.79,1.95,85,1034,Clear,07:32 AM,03:58 PM,4.97,,07:20 PM,0
Gennevilliers,FR,6.73,7.94,4.66,90,1035,Clouds,07:39 AM,03:54 PM,1.34,,07:19 PM,20
Garges-lès-Gonesse,FR,6.43,7.73,4.58,92,1036,Mist,07:39 AM,03:53 PM,3.09,,07:18 PM,20
Gardanne,FR,2.85,11.23,-1.3,87,1030,Clear,07:05 AM,04:03 PM,2.06,,07:18 PM,0
Gardanne,FR,2.96,11.38,-1.16,56,1029,Clear,07:05 AM,04:03 PM,1.13,,07:20 PM,0
Fresnes,FR,6.48,7.8,4.64,92,1035,Clear,07:38 AM,03:55 PM,4.12,,07:20 PM,0
Franconville,FR,6.43,7.67,4.51,94,1035,Mist,07:40 AM,03:54 PM,3.09,,07:20 PM,20
Fos-sur-Mer,FR,3.76,8.2,0.19,81,1030,Clear,07:07 AM,04:05 PM,2.06,,07:18 PM,0
Forbach,FR,5.05,6.88,2.58,89,1034,Clouds,07:22 AM,03:34 PM,0.45,,07:20 PM,75
Fontenay-sous-Bois,FR,6.26,7.64,4.36,92,1035,Mist,07:38 AM,03:54 PM,1.34,,07:19 PM,20
Fontenay-aux-Roses,FR,6.28,7.55,4.39,92,1035,Clear,07:38 AM,03:55 PM,0.45,,07:20 PM,0
Fontaine,FR,1.42,3.91,-1.09,82,1035,Clouds,07:10 AM,03:56 PM,0.45,,07:20 PM,11
Fontaine,FR,2.96,5.43,0.43,82,1035,Clouds,07:10 AM,03:56 PM,0.45,,07:20 PM,14
Floirac,FR,5.37,8.26,2.13,93,1027,Clear,07:34 AM,04:22 PM,2.06,,07:18 PM,0
Floirac,FR,5.02,7.88,1.75,93,1027,Clear,07:34 AM,04:22 PM,2.06,,07:20 PM,0
Fécamp,FR,6.36,6.59,5.99,92,1036,Clear,07:50 AM,03:58 PM,7.06,,07:20 PM,5
Faches-Thumesnil,FR,7.73,8.18,6.42,87,1038,Mist,07:44 AM,03:43 PM,7.2,,07:20 PM,90
Évry-Courcouronnes,FR,6.27,7.77,4.49,92,1035,Clear,07:37 AM,03:55 PM,4.12,,07:19 PM,0
Évreux,FR,6.15,7.49,5.49,93,1035,Mist,07:44 AM,03:58 PM,5.66,,07:20 PM,90
La Baule-Escoublac,FR,8.68,9.52,7.94,75,1031,Clouds,07:51 AM,04:20 PM,8.75,,07:20 PM,90
Ermont,FR,6.57,7.82,4.67,93,1035,Clouds,07:39 AM,03:54 PM,3.09,,07:20 PM,20
Éragny-sur-Oise,FR,6.66,7.79,5.38,96,1036,Mist,07:40 AM,03:54 PM,5.66,,07:20 PM,90
Épinay-sur-Seine,FR,6.62,7.92,4.76,93,1035,Mist,07:39 AM,03:54 PM,1.34,,07:20 PM,20
Épinal,FR,2.59,4.82,-0.58,87,1036,Clear,07:19 AM,03:41 PM,2.21,,07:20 PM,0
Élancourt,FR,6,7.2,4.04,92,1035,Clear,07:40 AM,03:56 PM,3.6,,07:20 PM,0
Écully,FR,1.2,2.72,-0.01,97,1034,Clear,07:16 AM,03:57 PM,1.03,,07:20 PM,0
Écully,FR,1.02,2.55,-0.18,97,1034,Clear,07:16 AM,03:57 PM,1.03,,07:20 PM,0
Eaubonne,FR,6.48,7.75,4.59,94,1035,Mist,07:39 AM,03:54 PM,3.09,,07:20 PM,20
Draveil,FR,6.31,7.75,4.59,92,1035,Clear,07:38 AM,03:55 PM,4.12,,07:20 PM,0
Douarnenez,FR,8.9,9.58,8.45,87,1031,Clouds,08:02 AM,04:24 PM,5.14,,07:17 PM,90
Douai,FR,7.81,8.27,7.03,94,1039,Clouds,07:43 AM,03:44 PM,4.3,,07:15 PM,14
Domont,FR,6.29,7.51,4.35,93,1036,Mist,07:39 AM,03:53 PM,3.09,,07:16 PM,20
Dole,FR,2.31,3.79,-0.71,87,1033,Clear,07:19 AM,03:49 PM,2.57,,07:20 PM,0
Dijon,FR,2.47,3.69,-0.81,93,1034,Clear,07:21 AM,03:50 PM,3.6,,07:15 PM,0
Dieppe,FR,6.9,7.01,5.9,92,1037,Clouds,07:48 AM,03:54 PM,6.74,,07:16 PM,14
Deuil-la-Barre,FR,6.21,7.51,4.36,93,1035,Mist,07:39 AM,03:54 PM,3.09,,07:20 PM,20
Denain,FR,7.8,8.21,7.17,99,1038,Clear,07:41 AM,03:43 PM,4.45,,07:20 PM,4
Denain,FR,7.81,8.22,7.18,99,1038,Clear,07:41 AM,03:43 PM,4.45,,07:20 PM,4
Décines-Charpieu,FR,1.51,3.62,0.13,97,1034,Clouds,07:15 AM,03:56 PM,1.03,,07:20 PM,40
Cugnaux,FR,8.36,9.95,7.1,81,1028,Clear,07:22 AM,04:19 PM,6.17,,07:20 PM,0
Cugnaux,FR,8.25,9.86,7.02,81,1028,Clear,07:22 AM,04:19 PM,6.17,,07:20 PM,0
Cran-Gevrier,FR,1.39,3.51,-1.6,87,1034,Clouds,07:11 AM,03:51 PM,3.6,,07:20 PM,90
Courbevoie,FR,6.62,7.84,4.68,91,1035,Clear,07:39 AM,03:54 PM,0.45,,07:20 PM,0
Coulommiers,FR,5.31,7.68,4.03,81,1036,Clear,07:35 AM,03:51 PM,5.04,,07:20 PM,0
Coudekerque-Branche,FR,7.33,8.43,6.66,98,1039,Mist,07:48 AM,03:44 PM,1.79,,07:20 PM,90
Cormeilles-en-Parisis,FR,5.9,7.06,3.9,93,1036,Mist,07:40 AM,03:54 PM,5.66,,07:20 PM,90
Corbeil-Essonnes,FR,6,7.79,4.22,94,1035,Clear,07:37 AM,03:55 PM,2.06,,07:19 PM,0
Conflans-Sainte-Honorine,FR,6.79,7.88,4.72,96,1036,Mist,07:40 AM,03:54 PM,5.66,,07:21 PM,90
Concarneau,FR,8.47,9.55,8.27,79,1031,Clear,07:59 AM,04:23 PM,8.05,,07:21 PM,0
Compiègne,FR,6.38,7.44,5.98,92,1037,Clear,07:39 AM,03:50 PM,3.71,,07:21 PM,0
Combs-la-Ville,FR,6.1,7.72,4.56,95,1035,Clear,07:37 AM,03:54 PM,4.12,,07:21 PM,0
Pontault-Combault,FR,5.71,7.43,3.78,93,1035,Clear,07:37 AM,03:53 PM,4.12,,07:21 PM,0
Colomiers,FR,8.53,9.94,7.1,81,1028,Clear,07:22 AM,04:19 PM,6.17,,07:21 PM,0
Colomiers,FR,8.3,9.75,6.91,81,1028,Clear,07:22 AM,04:19 PM,6.17,,07:21 PM,0
Cluses,FR,1.21,4.73,-1.95,72,1036,Clear,07:10 AM,03:49 PM,2.9,,07:21 PM,3
Clichy-sous-Bois,FR,5.97,7.43,4.27,93,1036,Mist,07:38 AM,03:53 PM,3.09,,07:21 PM,20
Clichy,FR,6.67,7.92,4.76,91,1035,Clouds,07:39 AM,03:54 PM,1.34,,07:21 PM,20
Clamart,FR,6.16,7.39,4.23,92,1035,Clear,07:39 AM,03:55 PM,0.45,,07:21 PM,0
Choisy-le-Roi,FR,6.54,7.92,4.76,92,1035,Clear,07:38 AM,03:54 PM,4.12,,07:21 PM,0
Chilly-Mazarin,FR,6.43,7.79,4.63,92,1035,Clear,07:38 AM,03:55 PM,4.12,,07:21 PM,0
Chevilly-Larue,FR,6.27,7.58,4.42,92,1035,Clear,07:38 AM,03:54 PM,4.12,,07:21 PM,0
Cherbourg-Octeville,FR,8.84,8.86,8.49,93,1035,Mist,07:58 AM,04:06 PM,8.23,,07:21 PM,90
Chenôve,FR,2.33,3.53,-0.98,93,1034,Clear,07:21 AM,03:50 PM,3.6,,07:21 PM,0
Chennevières-sur-Marne,FR,6.41,7.88,4.72,92,1035,Clear,07:38 AM,03:54 PM,4.12,,07:21 PM,0
Chaville,FR,6.03,7.25,4.09,92,1035,Clear,07:39 AM,03:55 PM,5.14,,07:21 PM,0
Chatou,FR,6.73,7.91,4.75,91,1035,Clear,07:39 AM,03:55 PM,5.14,,07:21 PM,0
Châtillon,FR,6.13,7.38,4.1,92,1035,Clear,07:39 AM,03:55 PM,0.45,,07:19 PM,0
Châtenay-Malabry,FR,6.06,7.34,4.19,92,1035,Clear,07:38 AM,03:55 PM,5.14,,07:21 PM,0
Arrondissement de Châtellerault,FR,3.93,4.98,3.19,39,1031,Clear,07:38 AM,04:11 PM,5.74,,07:21 PM,0
Châtellerault,FR,4.22,6.29,3.37,44,1031,Clear,07:37 AM,04:10 PM,5.8,,07:21 PM,0
Châteaudun,FR,5.24,5.87,4.5,84,1034,Clear,07:39 AM,04:01 PM,5.66,,07:21 PM,0
Chartres,FR,5.46,7.16,4.43,92,1034,Clear,07:40 AM,03:59 PM,1.34,,07:21 PM,1
Charenton-le-Pont,FR,6.55,7.9,4.75,91,1035,Clear,07:38 AM,03:54 PM,1.34,,07:21 PM,0
Champs-sur-Marne,FR,6,7.67,4.1,93,1036,Mist,07:38 AM,03:53 PM,3.09,,07:21 PM,20
Champigny-sur-Marne,FR,6.23,7.68,4.4,92,1035,Clear,07:38 AM,03:54 PM,4.12,,07:19 PM,0
Challans,FR,6.88,8.95,4.51,79,1029,Clear,07:47 AM,04:19 PM,7.76,,07:21 PM,0
Challans,FR,6.74,8.95,4.51,79,1029,Clear,07:47 AM,04:19 PM,7.7,,07:21 PM,0
Cergy,FR,6.87,7.92,4.76,93,1036,Mist,07:40 AM,03:54 PM,5.66,,07:21 PM,90
Cenon,FR,5.32,8.2,2.06,93,1027,Clear,07:34 AM,04:22 PM,2.06,,07:21 PM,0
Cenon,FR,5.01,7.86,1.73,93,1027,Clear,07:34 AM,04:22 PM,2.06,,07:19 PM,0
Roussillon,FR,-0.19,6.52,-1.48,71,1030,Clear,07:07 AM,04:02 PM,1.47,,07:21 PM,0
Clavaillan,FR,0.57,6.85,-1.16,71,1030,Clear,07:07 AM,04:02 PM,1.51,,07:21 PM,0
Cavaillon,FR,1.88,7.65,-0.35,86,1031,Clear,07:08 AM,04:03 PM,1.03,,07:21 PM,0
Castres,FR,9.44,10.18,7.44,79,1028,Clear,07:18 AM,04:15 PM,7.2,,07:21 PM,0
Castelnau-le-Lez,FR,6.1,7.53,4.73,79,1030,Clear,07:12 AM,04:08 PM,1.54,,07:21 PM,0
Castelnau-le-Lez,FR,6.36,8.08,4.73,78,1030,Clear,07:12 AM,04:08 PM,1.54,,07:19 PM,0
Carrières-sous-Poissy,FR,6.84,7.93,4.77,93,1036,Mist,07:40 AM,03:55 PM,2.68,,07:21 PM,90
Carquefou,FR,7.97,9.1,7.88,79,1031,Clouds,07:47 AM,04:16 PM,1.34,,07:21 PM,90
Carpentras,FR,5,7.64,0.8,77,1031,Clear,07:09 AM,04:02 PM,4.12,,07:20 PM,0
Canteleu,FR,5.72,6.22,5.1,91,1035,Clouds,07:46 AM,03:57 PM,2.24,,07:21 PM,90
Cannes,FR,9.77,12.33,6.99,70,1028,Clear,06:59 AM,03:56 PM,1.54,,07:21 PM,0
Caluire-et-Cuire,FR,1.05,2.55,-0.18,97,1034,Clear,07:16 AM,03:57 PM,1.03,,07:21 PM,0
Calais,FR,7.7,8.97,6.66,90,1039,Clouds,07:50 AM,03:46 PM,6.74,,07:21 PM,30
Cahors,FR,7,7,7,87,1028,Clear,07:25 AM,04:15 PM,2.33,,07:21 PM,3
Cagnes-sur-Mer,FR,10.49,12.25,6.9,65,1028,Clear,06:59 AM,03:55 PM,4.12,,07:21 PM,0
Cagnes-sur-Mer,FR,10.41,12.17,6.83,65,1028,Clear,06:59 AM,03:55 PM,4.12,,07:21 PM,0
Cachan,FR,6.45,7.73,4.57,92,1035,Clear,07:38 AM,03:54 PM,0.45,,07:21 PM,0
Bry-sur-Marne,FR,6.44,7.89,4.73,92,1036,Clouds,07:38 AM,03:53 PM,3.09,,07:21 PM,20
Brunoy,FR,6.29,7.81,4.65,91,1035,Clear,07:37 AM,03:54 PM,4.12,,07:21 PM,0
Bruay-la-Buissière,FR,7.48,8.06,6.6,99,1040,Clouds,07:45 AM,03:46 PM,4.27,,07:21 PM,26
Brétigny-sur-Orge,FR,6.17,7.69,4.12,92,1035,Clear,07:38 AM,03:55 PM,4.12,,07:21 PM,0
Brest,FR,9.18,10.14,8.14,87,1031,Mist,08:04 AM,04:23 PM,8.23,,07:21 PM,90
Arrondissement de Bressuire,FR,3.16,6.69,2.94,87,1031,Clear,07:42 AM,04:14 PM,6.23,,07:21 PM,0
Bressuire,FR,2.59,2.86,2.54,86,1030,Clear,07:41 AM,04:14 PM,6.33,,07:21 PM,0
Bourgoin-Jallieu,FR,2.27,4.1,0.22,92,1034,Clear,07:14 AM,03:56 PM,1.5,,07:21 PM,0
Bourgoin,FR,1.98,3.68,-0.06,92,1034,Clear,07:13 AM,03:56 PM,1.54,,07:16 PM,0
Bourg-lès-Valence,FR,4.37,4.69,2.77,85,1033,Clear,07:13 AM,04:00 PM,2.4,,07:21 PM,0
Bourg-la-Reine,FR,6.5,7.77,4.61,92,1035,Clear,07:38 AM,03:55 PM,0.45,,07:22 PM,0
Bourg-en-Bresse,FR,0.05,2,-0.83,95,1033,Clear,07:16 AM,03:54 PM,0.45,,07:22 PM,0
Boulogne-sur-Mer,FR,7.27,8.85,6.51,92,1039,Clear,07:50 AM,03:48 PM,6.48,,07:22 PM,0
Bouguenais,FR,8.07,9.1,7.88,78,1030,Clouds,07:47 AM,04:17 PM,7.2,,07:22 PM,90
Bondy,FR,6.38,7.77,4.61,92,1036,Mist,07:38 AM,03:53 PM,1.34,,07:22 PM,20
Boissy-Saint-Léger,FR,6.06,7.53,4.25,91,1035,Clear,07:37 AM,03:54 PM,4.12,,07:17 PM,0
Bois-Colombes,FR,6.68,7.89,4.73,90,1035,Clouds,07:39 AM,03:54 PM,1.34,,07:22 PM,20
Bobigny,FR,6.43,7.8,4.64,92,1036,Mist,07:38 AM,03:53 PM,1.34,,07:22 PM,20
Bischheim,FR,2.92,6.12,0.16,87,1038,Clouds,07:16 AM,03:33 PM,3.09,,07:22 PM,20
Bezons,FR,6.74,7.92,4.76,90,1036,Clouds,07:39 AM,03:54 PM,3.09,,07:22 PM,20
Béziers,FR,7.05,10.72,4.59,87,1030,Clear,07:14 AM,04:12 PM,1.03,,07:22 PM,0
Béthune,FR,7.7,8.23,6.78,99,1039,Clouds,07:45 AM,03:45 PM,3.94,,07:22 PM,23
Berck,FR,7.06,8.04,6.92,100,1038,Mist,07:49 AM,03:50 PM,5.14,,07:22 PM,90
Berck,FR,7.08,8.06,6.94,100,1038,Mist,07:49 AM,03:50 PM,5.14,,07:21 PM,90
Berck-Plage,FR,7.03,8.01,6.9,100,1038,Mist,07:49 AM,03:50 PM,5.14,,07:22 PM,90
Balma,FR,8.67,10.36,7.04,81,1028,Clear,07:21 AM,04:18 PM,6.17,,07:22 PM,0
Balma,FR,8.7,10.4,7.08,81,1028,Clear,07:21 AM,04:18 PM,6.17,,07:22 PM,0
Bagnols-sur-Cèze,FR,5.47,7.88,3.3,83,1031,Clear,07:11 AM,04:04 PM,2.97,,07:22 PM,0
Bagnols-sur-Cèze,FR,5.37,7.75,3.17,77,1031,Clear,07:11 AM,04:04 PM,4.12,,07:22 PM,0
Bagneux,FR,6.3,7.54,4.38,92,1035,Clear,07:38 AM,03:55 PM,0.45,,07:22 PM,0
Aulnay-sous-Bois,FR,6.43,7.84,4.68,93,1036,Mist,07:38 AM,03:53 PM,3.09,,07:22 PM,20
Audincourt,FR,3.33,3.66,1.88,94,1037,Clear,07:15 AM,03:42 PM,4.62,,07:22 PM,0
Audincourt,FR,3.25,3.6,1.82,94,1037,Clear,07:15 AM,03:42 PM,4.51,,07:22 PM,0
Aubervilliers,FR,6.59,7.9,4.74,92,1036,Mist,07:39 AM,03:54 PM,1.34,,07:22 PM,20
Aubagne,FR,4.33,7.4,0.45,56,1029,Clear,07:04 AM,04:03 PM,1.69,,07:22 PM,0
Athis-Mons,FR,6.21,7.6,4.45,92,1035,Clear,07:38 AM,03:54 PM,4.12,,07:22 PM,0
Asnières-sur-Seine,FR,6.7,7.93,4.77,90,1035,Clouds,07:39 AM,03:54 PM,1.34,,07:22 PM,20
Arras,FR,7.38,7.98,6.82,98,1038,Clouds,07:43 AM,03:46 PM,4.89,,07:22 PM,29
Arles,FR,4.5,8.11,0.11,75,1030,Clear,07:09 AM,04:05 PM,2.57,,07:22 PM,0
Argenteuil,FR,6.65,7.9,4.62,92,1035,Clouds,07:39 AM,03:54 PM,3.09,,07:20 PM,20
Arcueil,FR,6.55,7.82,4.66,92,1035,Clear,07:38 AM,03:54 PM,0.45,,07:22 PM,0
Antony,FR,6.51,7.8,4.65,92,1035,Clear,07:38 AM,03:55 PM,4.12,,07:22 PM,0
Antibes,FR,10.06,12.24,6.9,65,1028,Clear,06:59 AM,03:56 PM,4.12,,07:22 PM,0
Annonay,FR,1.4,2.46,-0.17,81,1033,Clear,07:15 AM,03:59 PM,1.54,,07:22 PM,0
Annonay,FR,1.63,2.71,0.08,81,1033,Clear,07:15 AM,03:59 PM,1.54,,07:22 PM,0
Annecy,FR,1.78,6.32,-1.21,87,1034,Clouds,07:11 AM,03:51 PM,3.6,,07:21 PM,90
Anglet,FR,6.97,8.73,4.18,87,1025,Clear,07:33 AM,04:31 PM,3.09,,07:22 PM,0
Allauch,FR,4.32,11.45,0.08,54,1029,Clear,07:05 AM,04:03 PM,1.57,,07:22 PM,0
Allauch,FR,4.1,11.29,-0.08,54,1029,Clear,07:05 AM,04:03 PM,1.57,,07:22 PM,0
Alès,FR,4.73,7.23,2.65,79,1031,Clear,07:13 AM,04:06 PM,2.05,,07:22 PM,0
Albertville,FR,2.63,7.02,-0.4,84,1036,Clear,07:09 AM,03:51 PM,2.43,,07:22 PM,7
Ajaccio,FR,9.6,10,2.1,87,1028,Clouds,06:47 AM,03:55 PM,2.57,,07:22 PM,75
Aix-les-Bains,FR,2.78,4.95,-0.05,85,1035,Clouds,07:11 AM,03:53 PM,3.6,,07:22 PM,90
Agde,FR,6.58,10.31,4.97,87,1030,Clear,07:13 AM,04:11 PM,1.03,,07:22 PM,0
Achères,FR,6.91,8,4.84,93,1036,Mist,07:40 AM,03:55 PM,2.68,,07:22 PM,90
Abbeville,FR,7.17,8.05,6.94,94,1038,Clear,07:46 AM,03:50 PM,5.32,,07:22 PM,4
Villeneuve-d'Ascq,FR,7.69,8.25,6.49,85,1038,Mist,07:43 AM,03:43 PM,7.2,,07:18 PM,90
Bourgoin-Jallieu,FR,2.22,4.07,0.19,92,1034,Clear,07:14 AM,03:56 PM,1.51,,07:23 PM,0
Wissant,FR,7.79,8.83,6.49,90,1039,Clouds,07:51 AM,03:47 PM,7.38,,07:23 PM,35
Vitry-sur-Orne,FR,4.92,7.53,2.97,93,1036,Clear,07:25 AM,03:37 PM,0.89,,07:23 PM,0
Villers-Bocage,FR,6.68,7.24,6.12,94,1038,Clear,07:44 AM,03:49 PM,5.6,,07:23 PM,6
Villefranche-de-Lauragais,FR,8.4,10.26,5.5,89,1028,Clear,07:20 AM,04:18 PM,6.3,,07:23 PM,0
Villefranche-sur-Cher,FR,4.92,6.21,2.37,93,1033,Clear,07:34 AM,04:03 PM,3.09,,07:23 PM,0
Villebernier,FR,7.47,8.17,3.84,80,1031,Clear,07:41 AM,04:10 PM,6.37,,07:23 PM,4
Vernantes,FR,7.31,8.01,6.34,82,1032,Clear,07:42 AM,04:09 PM,6.46,,07:23 PM,4
Valmont,FR,4.25,6.14,0.99,93,1038,Clear,07:22 AM,03:36 PM,4.23,,07:23 PM,0
Valbonne,FR,8.57,10.84,5.5,66,1028,Clear,07:00 AM,03:56 PM,0.45,,07:23 PM,0
Vairé,FR,4.22,7.81,3.76,77,1029,Clear,07:46 AM,04:20 PM,7.27,,07:23 PM,0
Uzemain,FR,1.76,4.99,-0.4,88,1036,Clear,07:19 AM,03:41 PM,2.14,,07:23 PM,0
Tulette,FR,4.2,7.27,2.69,76,1031,Clear,07:10 AM,04:02 PM,4.12,,07:23 PM,0
Trouillas,FR,8.64,10.57,6.66,82,1030,Clouds,07:13 AM,04:16 PM,1.54,,07:24 PM,90
Treffléan,FR,8.2,8.88,7.58,81,1031,Clouds,07:53 AM,04:19 PM,7.72,,07:24 PM,90
Le Blanc,FR,4.38,4.74,2.97,84,1031,Clear,07:34 AM,04:08 PM,4.75,,07:24 PM,0
Tournay,FR,3.55,6.34,3.54,68,1027,Clear,07:25 AM,04:24 PM,1.95,,07:24 PM,0
Toulon-sur-Arroux,FR,1.87,1.87,0.42,95,1034,Clear,07:22 AM,03:56 PM,1.75,,07:24 PM,0
Thouaré-sur-Loire,FR,7.95,9.07,7.85,79,1030,Clouds,07:47 AM,04:16 PM,7.2,,07:24 PM,90
Tatinghem,FR,7.18,8.1,6.35,96,1039,Clear,07:48 AM,03:46 PM,3.68,,07:24 PM,4
Souillac,FR,5.85,7.77,5.85,86,1029,Clear,07:26 AM,04:13 PM,1.69,,07:24 PM,1
Souesmes,FR,3.63,5.94,2.1,88,1033,Clear,07:33 AM,04:01 PM,4.04,,07:24 PM,0
Sixt-sur-Aff,FR,8.93,9.14,7.89,87,1032,Clear,07:52 AM,04:16 PM,6.78,,07:24 PM,0
Sireuil,FR,4.04,4.55,3.46,80,1028,Clear,07:35 AM,04:17 PM,3.06,,07:24 PM,0
Scherwiller,FR,2.02,4.12,-0.08,91,1038,Clear,07:16 AM,03:36 PM,1.9,,07:24 PM,4
Saulgé,FR,4.01,6.9,3.05,84,1030,Clear,07:34 AM,04:10 PM,3.71,,07:24 PM,0
Sarrola,FR,8.81,8.96,1.06,87,1028,Clouds,06:47 AM,03:54 PM,2.57,,07:24 PM,75
Sarrebourg,FR,4.64,6.29,2.6,91,1038,Clear,07:19 AM,03:36 PM,4.15,,07:24 PM,1
Sarralbe,FR,5.35,7.14,2.84,94,1038,Clear,07:20 AM,03:35 PM,3.81,,07:24 PM,4
Salins,FR,4.48,6.02,3.96,84,1035,Clear,07:34 AM,03:53 PM,4.74,,07:24 PM,0
Saint-Trojan-les-Bains,FR,4.06,4.06,3.86,77,1028,Clear,07:40 AM,04:21 PM,6.52,,07:24 PM,0
Saint-Symphorien,FR,3.64,4.06,3.6,89,1029,Clear,07:39 AM,04:16 PM,5.64,,07:24 PM,0
Saint-Paul,FR,6.24,7.14,5.14,95,1035,Clouds,07:43 AM,03:53 PM,0.89,,07:24 PM,90
Saint-Paterne-Racan,FR,6.52,7.89,6.21,82,1032,Clear,07:41 AM,04:07 PM,6.75,,07:24 PM,0
Saint-Nicolas-de-Port,FR,3.2,5.77,1.41,84,1037,Clear,07:22 AM,03:39 PM,1.54,,07:24 PM,0
Saint-Nauphary,FR,9.05,10.21,8.36,86,1028,Clear,07:23 AM,04:17 PM,3.02,,07:24 PM,0
Saint-Max,FR,3.1,5.82,1.47,84,1035,Clear,07:22 AM,03:39 PM,1.54,,07:24 PM,0
Saint-Laurent-de-la-Plaine,FR,7.08,7.79,6.86,83,1031,Clear,07:45 AM,04:13 PM,6.85,,07:24 PM,0
Saint-Jean-le-Vieux,FR,0.91,4,-0.27,92,1034,Clear,07:15 AM,03:54 PM,1.58,,07:24 PM,0
Saint-Jean-de-Losne,FR,2.91,4.09,-0.41,85,1033,Clear,07:20 AM,03:50 PM,2.57,,07:24 PM,0
Saint-Jean-de-Liversay,FR,3.97,4.54,3.65,78,1029,Clear,07:41 AM,04:18 PM,5.38,,07:24 PM,0
Saint-Gaudens,FR,5.78,8.36,2.81,73,1028,Clear,07:23 AM,04:23 PM,2.01,,07:24 PM,0
Saint-Fulgent,FR,4.57,7.68,4.08,81,1030,Clear,07:44 AM,04:17 PM,6.9,,07:24 PM,0
Le Pin,FR,1.22,1.77,0.31,94,1033,Clouds,07:22 AM,03:58 PM,3.09,,07:24 PM,75
Saint-Florent-le-Vieil,FR,7.83,8.27,7.34,83,1031,Clear,07:46 AM,04:14 PM,7.18,,07:24 PM,0
Saint-Félix-Lauragais,FR,8.46,9.75,6.43,82,1028,Clear,07:19 AM,04:17 PM,4.9,,07:24 PM,1
Saint-Étienne-de-Cuines,FR,2.59,4.79,-2.62,67,1033,Clear,07:09 AM,03:53 PM,0.45,,07:24 PM,7
Sainte-Sigolène,FR,-1.73,-1.73,-1.73,86,1033,Clear,07:16 AM,04:01 PM,0.42,,07:24 PM,0
Saint-Cassien,FR,2.15,4.55,-0.46,84,1032,Clear,07:12 AM,03:55 PM,6.26,,07:24 PM,0
Saint-Aubin-des-Châteaux,FR,8.34,8.9,7.66,76,1032,Clear,07:49 AM,04:14 PM,7.48,,07:24 PM,0
Saint-André-les-Vergers,FR,4.97,6.16,3.43,87,1035,Clear,07:29 AM,03:50 PM,1.03,,07:24 PM,0
Saint-Amé,FR,-0.66,2.77,-1.56,86,1037,Clear,07:18 AM,03:40 PM,2.29,,07:24 PM,0
Rumilly-en-Cambrésis,FR,7.33,8,6.77,94,1038,Clear,07:41 AM,03:45 PM,4.47,,07:24 PM,8
Rumersheim-le-Haut,FR,2.26,4.79,-0.28,94,1038,Clear,07:14 AM,03:38 PM,1.53,,07:24 PM,0
Rosenau,FR,2.9,4.65,0.48,95,1036,Clouds,07:13 AM,03:39 PM,1.54,,07:24 PM,90
Rocquencourt,FR,6.01,7.2,4.04,92,1035,Clear,07:39 AM,03:55 PM,3.6,,07:24 PM,0
Rivedoux-Plage,FR,4.11,4.56,4.11,87,1029,Clear,07:42 AM,04:20 PM,7.72,,07:24 PM,0
Riquewihr,FR,1.41,3.68,-0.91,93,1037,Clear,07:16 AM,03:37 PM,3.09,,07:24 PM,0
Riorges,FR,0.52,1.7,0.01,87,1034,Clear,07:20 AM,03:59 PM,2.01,,07:24 PM,0
Rinxent,FR,7.47,8.88,6.55,93,1039,Clouds,07:50 AM,03:48 PM,6,,07:24 PM,11
Riez,FR,7.17,7.17,1.02,71,1030,Clear,07:04 AM,03:59 PM,1.97,,07:24 PM,0
Ribaute-les-Tavernes,FR,5.2,7.44,2.86,82,1031,Clear,07:13 AM,04:06 PM,2.13,,07:24 PM,0
Réville,FR,8.85,8.85,8.85,93,1035,Mist,07:56 AM,04:05 PM,8.23,,07:24 PM,90
Rémelfing,FR,5.59,7.17,3.3,88,1037,Clouds,07:21 AM,03:34 PM,4.63,,07:24 PM,75
Réhon,FR,5.76,7.15,3.01,92,1038,Clear,07:28 AM,03:38 PM,3.13,,07:24 PM,0
Recquignies,FR,6.91,7.87,5.84,84,1037,Clear,07:38 AM,03:41 PM,0.89,,07:24 PM,9
Rai,FR,4.88,5.51,4.6,89,1035,Clear,07:45 AM,04:02 PM,6.17,,07:24 PM,4
Rai,FR,4.88,5.51,4.6,89,1035,Clear,07:45 AM,04:02 PM,6.17,,07:24 PM,4
Quillan,FR,7.2,9.26,5.93,88,1030,Clear,07:16 AM,04:18 PM,2.56,,07:24 PM,2
Quemper-Guézennec,FR,7.76,9.05,6.51,87,1034,Clear,08:00 AM,04:17 PM,8.23,,07:24 PM,10
Quelaines-Saint-Gault,FR,8.1,8.12,6.88,81,1033,Clouds,07:47 AM,04:11 PM,6.69,,07:24 PM,90
Proville,FR,7.53,8.15,6.91,95,1038,Clear,07:41 AM,03:45 PM,4.47,,07:24 PM,10
Prix-lès-Mézières,FR,5.89,7.01,5.87,93,1038,Clear,07:33 AM,03:41 PM,3.34,,07:24 PM,0
Prahecq,FR,3.45,3.89,3.43,89,1029,Clear,07:39 AM,04:16 PM,5.85,,07:25 PM,0
Pouzac,FR,2.26,4.87,2.07,87,1026,Clear,07:25 AM,04:25 PM,2.06,,07:25 PM,0
Pouilly-les-Nonains,FR,0.43,1.52,-0.95,87,1033,Clear,07:20 AM,03:59 PM,2.28,,07:25 PM,0
Port-Louis,FR,8.33,8.81,8.22,85,1032,Clouds,07:56 AM,04:22 PM,1.79,,07:25 PM,90
Pont-Sainte-Marie,FR,4.91,7.17,3.42,87,1035,Clear,07:29 AM,03:49 PM,1.03,,07:25 PM,0
Pontailler-sur-Saône,FR,2.26,4.06,-0.44,89,1034,Clear,07:20 AM,03:48 PM,4.18,,07:25 PM,0
Pommerit-Jaudy,FR,8.17,10.07,6.51,81,1034,Clouds,08:00 AM,04:17 PM,7.2,,07:25 PM,90
Poix-de-Picardie,FR,5.94,7.01,5.34,24,1037,Clouds,07:44 AM,03:51 PM,5.08,,07:25 PM,26
Plouvorn,FR,9.48,10.07,8.07,86,1032,Clouds,08:03 AM,04:21 PM,9.77,,07:25 PM,90
Plouguin,FR,9.4,10.25,8.25,87,1031,Clouds,08:05 AM,04:23 PM,8.23,,07:25 PM,90
Plouguiel,FR,8.44,10.2,6.64,81,1034,Clouds,08:01 AM,04:17 PM,7.2,,07:25 PM,90
Plougrescant,FR,8.52,10.23,6.67,86,1034,Clear,08:01 AM,04:16 PM,9.57,,07:25 PM,10
Plouénan,FR,9.76,10.17,9.16,85,1032,Clouds,08:03 AM,04:20 PM,4.47,,07:25 PM,90
Ploubazlanec,FR,7.99,9.19,6.65,85,1034,Clear,08:00 AM,04:16 PM,9.52,,07:25 PM,7
Plouay,FR,7.88,9.05,7.76,85,1031,Clouds,07:57 AM,04:21 PM,7.2,,07:25 PM,90
Plonéis,FR,7.89,8.77,7.35,87,1031,Clouds,08:01 AM,04:24 PM,5.14,,07:25 PM,90
Plomelin,FR,8.36,9.39,7.97,87,1031,Clouds,08:01 AM,04:24 PM,5.14,,07:25 PM,90
Plombières-lès-Dijon,FR,1.78,2.88,-0.64,93,1034,Clear,07:22 AM,03:50 PM,3.6,,07:25 PM,0
Ploemel,FR,8.35,8.74,8.15,84,1028,Clear,07:55 AM,04:21 PM,2.68,,07:25 PM,0
Plobannalec-Lesconil,FR,8.55,9.49,8.21,87,1031,Clouds,08:00 AM,04:25 PM,5.14,,07:25 PM,90
Pleuven,FR,8.1,9.13,7.79,87,1031,Clouds,08:00 AM,04:24 PM,5.14,,07:21 PM,90
Pézilla-la-Rivière,FR,9.03,10.67,6.75,81,1030,Clouds,07:13 AM,04:16 PM,1.54,,07:25 PM,90
Pasly,FR,5.98,6.36,3.03,91,1037,Clear,07:37 AM,03:48 PM,3.76,,07:25 PM,0
Parthenay,FR,2.74,4.52,2.68,84,1030,Clear,07:40 AM,04:14 PM,5.98,,07:25 PM,0
Pannes,FR,4.25,6.2,2.91,92,1034,Clear,07:34 AM,03:56 PM,4.28,,07:25 PM,0
Otterswiller,FR,4.03,6.65,-0.15,94,1038,Clear,07:18 AM,03:35 PM,1.71,,07:25 PM,5
Ostricourt,FR,7.88,8.28,7.13,86,1039,Mist,07:43 AM,03:44 PM,7.2,,07:25 PM,90
Orsan,FR,4.88,7.91,-0.09,75,1031,Clear,07:11 AM,04:03 PM,4.12,,07:25 PM,0
Oppède le Vieux,FR,1.2,6.71,-1.29,75,1030,Clear,07:08 AM,04:03 PM,1.44,,07:25 PM,0
Obermodern-Zutzendorf,FR,4.81,7.38,-0.03,84,997,Clear,07:18 AM,03:33 PM,2.01,,07:25 PM,5
Nyoiseau,FR,7.88,8.35,7.11,79,1032,Clear,07:47 AM,04:12 PM,7.07,,07:25 PM,0
Nuillé-sur-Vicoin,FR,8.16,8.18,6.93,81,1033,Clouds,07:47 AM,04:10 PM,6.69,,07:25 PM,90
Nogent-le-Phaye,FR,5.53,7.23,4.5,92,1034,Clear,07:40 AM,03:59 PM,1.34,,07:25 PM,1
Nogent-le-Bas,FR,1.92,4.27,1.21,89,1036,Clear,07:23 AM,03:46 PM,3.52,,07:25 PM,0
Niderviller,FR,4.33,6.17,-0.63,92,1038,Clear,07:19 AM,03:36 PM,3.53,,07:25 PM,2
Nesmy,FR,4.09,7.73,3.68,81,1029,Clear,07:44 AM,04:19 PM,5.66,,07:25 PM,0
Nanteuil-lès-Meaux,FR,5.91,7.73,4.17,86,1036,Clear,07:37 AM,03:52 PM,4.49,,07:25 PM,0
Muttersholtz,FR,2.01,4.71,0.03,91,1038,Clear,07:15 AM,03:36 PM,2.5,,07:25 PM,5
Mundolsheim,FR,3.15,6.14,0.19,87,1038,Clouds,07:16 AM,03:34 PM,3.09,,07:25 PM,20
Mortcerf,FR,5.14,7.42,3.76,96,1036,Clear,07:36 AM,03:52 PM,4.59,,07:25 PM,0
Montreuil-sous-Pérouse,FR,8.29,8.69,7.21,74,1033,Clear,07:50 AM,04:11 PM,7.22,,07:25 PM,0
Montmarault,FR,-0.31,0.33,-1.97,89,1033,Clear,07:26 AM,04:02 PM,2.03,,07:25 PM,0
Montlhéry,FR,6.36,7.73,4.57,92,1035,Clear,07:38 AM,03:55 PM,0.45,,07:20 PM,0
France,FR,-1.34,4.06,-1.6,81,1031,Clear,07:28 AM,04:07 PM,1.31,,07:25 PM,0
Midi-Pyrénées,FR,8.16,9.9,7.05,81,1028,Clear,07:22 AM,04:19 PM,6.17,,07:25 PM,0
Arrondissement de Foix,FR,2.96,5,1.85,31,1029,Clear,07:18 AM,04:20 PM,3.29,,07:25 PM,1
Corsica,FR,3.25,3.88,-4.02,87,1028,Clouds,06:46 AM,03:53 PM,2.57,,07:25 PM,75
Upper Corsica,FR,3.05,5.28,1.29,62,1028,Clear,06:47 AM,03:51 PM,0.93,,07:25 PM,0
Garanou,FR,4.48,7.09,3.82,31,1027,Clear,07:18 AM,04:20 PM,4.01,,07:25 PM,0
Arrondissement de Saint-Girons,FR,5,6.69,3.54,78,1029,Clear,07:20 AM,04:22 PM,2.51,,07:25 PM,0
Rimont,FR,6.09,7.81,4.67,58,1025,Clear,07:20 AM,04:21 PM,1.34,,07:24 PM,0
Rimont,FR,5.98,7.7,4.55,58,1025,Clear,07:20 AM,04:21 PM,1.34,,07:25 PM,0
Cazavet,FR,6.21,8.03,4.89,78,1027,Clear,07:21 AM,04:22 PM,2.16,,07:25 PM,0
Cazavet,FR,6.21,8.04,4.89,78,1027,Clear,07:21 AM,04:22 PM,2.16,,07:25 PM,0
Les Pourpres,FR,8.5,12.46,4.22,85,1029,Clear,07:02 AM,04:01 PM,1.54,,07:25 PM,0
Narbonne,FR,9.83,11.04,9.16,75,1029,Clouds,07:14 AM,04:13 PM,0.45,,07:25 PM,43
Narbonne,FR,9.83,11.04,9.16,75,1029,Clouds,07:14 AM,04:13 PM,0.45,,07:25 PM,43
Arrondissement de Carcassonne,FR,9.09,10.66,7.04,88,1029,Clouds,07:18 AM,04:17 PM,3.09,,07:25 PM,90
Villegailhenc,FR,9.28,10.61,7.86,87,1029,Clouds,07:17 AM,04:16 PM,3.09,,07:25 PM,90
Villegailhenc,FR,9.26,10.61,7.86,87,1029,Clouds,07:17 AM,04:16 PM,3.09,,07:25 PM,90
Upper Garonne,FR,8.15,10.26,5.5,89,1028,Clear,07:21 AM,04:19 PM,6.02,,07:26 PM,0
Arrondissement de Muret,FR,7.57,9.67,6.83,91,1027,Clear,07:21 AM,04:20 PM,0.45,,07:26 PM,0
Salles-sur-Garonne,FR,7.27,9.39,6.55,91,1027,Clear,07:22 AM,04:20 PM,0.45,,07:26 PM,0
Salles-sur-Garonne,FR,7.41,9.54,6.7,91,1027,Clear,07:22 AM,04:20 PM,0.45,,07:26 PM,0
Bouches-du-Rhône,FR,3.6,8.21,0.21,87,1030,Clear,07:07 AM,04:04 PM,2.06,,07:26 PM,0
Marseille,FR,4.58,12.6,1.23,54,1029,Clear,07:05 AM,04:04 PM,1.99,,07:26 PM,0
Marseille 14,FR,3.87,12.22,0.85,87,1030,Clear,07:05 AM,04:03 PM,2.06,,07:26 PM,0
Aquitaine Region,FR,6.67,9.3,0.55,88,1028,Clear,07:27 AM,04:17 PM,2.16,,07:26 PM,0
Pyrénées-Atlantiques,FR,6.07,7.08,3.6,75,1026,Clear,07:30 AM,04:29 PM,1.87,,07:26 PM,0
Ilharre,FR,6.42,8.23,4.52,78,1026,Clear,07:31 AM,04:29 PM,1.85,,07:26 PM,0
Gers,FR,7.23,8.66,2.99,84,1029,Clear,07:26 AM,04:22 PM,2.24,,07:26 PM,0
Arrondissement de Mirande,FR,6.3,8.55,2.87,82,1027,Clear,07:27 AM,04:23 PM,2.36,,07:26 PM,0
Sadeillan,FR,7.04,8.44,5.21,80,1027,Clear,07:25 AM,04:23 PM,1.92,,07:26 PM,0
Sadeillan,FR,6.09,8.31,3.64,80,1027,Clear,07:25 AM,04:23 PM,1.88,,07:26 PM,0
Les Frères,FR,1.75,10.14,-1.23,87,1030,Clear,07:05 AM,04:03 PM,2.06,,07:26 PM,0
Gard,FR,4.89,7.12,2.54,84,1031,Clear,07:13 AM,04:07 PM,2,,07:26 PM,0
Arrondissement de Nîmes,FR,4.29,6.94,-1.06,75,1030,Clear,07:11 AM,04:05 PM,2.57,,07:24 PM,0
Aigues-Mortes,FR,6.06,8.21,0.21,81,1030,Clear,07:11 AM,04:07 PM,1.54,,07:26 PM,0
Aigues-Mortes,FR,6.03,8.19,0.19,81,1030,Clear,07:11 AM,04:07 PM,1.54,,07:26 PM,0
Arrondissement de Pau,FR,6.49,8.23,3.55,81,1026,Clear,07:29 AM,04:27 PM,1.03,,07:22 PM,0
Boueilh-Boueilho-Lasque,FR,5.78,7.21,2.92,73,1026,Clear,07:29 AM,04:25 PM,2.1,,07:26 PM,0
Boueilh-Boueilho-Lasque,FR,5.78,7.21,2.92,73,1026,Clear,07:29 AM,04:25 PM,2.1,,07:26 PM,0
Tarn,FR,9.44,10.08,7.33,64,1028,Clear,07:20 AM,04:15 PM,2.61,,07:26 PM,0
Arrondissement de Castres,FR,9.31,10.12,7.37,79,1028,Clear,07:19 AM,04:15 PM,7.2,,07:26 PM,0
Ambres,FR,9.58,10.41,7.09,88,1028,Clear,07:21 AM,04:16 PM,2.61,,07:26 PM,0
Ambres,FR,9.44,10.28,6.96,88,1028,Clear,07:21 AM,04:16 PM,2.63,,07:22 PM,0
Arrondissement de Condom,FR,6.62,9.26,3.57,86,1027,Clear,07:27 AM,04:22 PM,3.66,,07:26 PM,0
Courrensan,FR,6.62,9.36,3.68,86,1030,Clear,07:27 AM,04:22 PM,2.24,,07:26 PM,0
Courrensan,FR,6.46,9.17,3.49,86,1030,Clear,07:27 AM,04:22 PM,2.24,,07:26 PM,0
Lézan,FR,5.18,7.46,2.88,83,1031,Clear,07:13 AM,04:06 PM,2.08,,07:26 PM,0
Lézan,FR,5.18,7.46,2.88,83,1031,Clear,07:13 AM,04:06 PM,2.08,,07:26 PM,0
Vaucluse,FR,2.14,6.62,-1.38,73,1030,Clear,07:08 AM,04:02 PM,1.46,,07:26 PM,0
La Lauze,FR,0.34,4.78,-3.22,70,1030,Clear,07:08 AM,04:01 PM,1.81,,07:26 PM,0
Alpes-de-Haute-Provence,FR,4.41,4.41,4.41,86,1031,Clear,07:05 AM,03:58 PM,2.34,,07:23 PM,0
Les Mées,FR,5.85,5.85,5.85,80,1030,Clear,07:05 AM,03:59 PM,2.37,,07:26 PM,0
Tarn-et-Garonne,FR,8.77,9.56,7.69,84,1028,Clear,07:24 AM,04:18 PM,3.59,,07:26 PM,0
Arrondissement de Castelsarrasin,FR,8.74,9.67,6.43,85,1028,Clear,07:25 AM,04:18 PM,4.15,,07:26 PM,0
Castelsarrasin,FR,8.7,9.58,7.71,85,1028,Clear,07:25 AM,04:18 PM,3.89,,07:26 PM,0
Vallabrix,FR,5.11,7.29,2.71,76,1031,Clear,07:11 AM,04:04 PM,3.02,,07:26 PM,0
Arrondissement de Montauban,FR,9.26,10.06,8.46,87,1028,Clear,07:23 AM,04:16 PM,2.74,,07:26 PM,0
Villemade,FR,8.37,9.57,3.9,84,1028,Clear,07:24 AM,04:17 PM,2.7,,07:26 PM,0
Villemade,FR,8.32,9.51,3.84,84,1028,Clear,07:24 AM,04:17 PM,2.68,,07:26 PM,0
Tanus,FR,8.1,8.87,7.02,85,1029,Clear,07:20 AM,04:13 PM,2.65,,07:26 PM,0
Tanus,FR,8.1,8.87,7.02,85,1029,Clear,07:20 AM,04:13 PM,2.65,,07:26 PM,0
Landes,FR,5.85,8.31,1.78,100,1026,Clear,07:32 AM,04:26 PM,2.05,,07:26 PM,0
Lagarde-Paréol,FR,4.58,7.29,2.71,76,1031,Clear,07:10 AM,04:02 PM,4.12,,07:21 PM,0
Lagarde-Paréol,FR,4.5,7.25,2.67,77,1031,Clear,07:10 AM,04:02 PM,4.12,,07:26 PM,0
Arrondissement de Rodez,FR,8.82,8.82,8.17,49,1028,Clear,07:20 AM,04:10 PM,4.12,,07:26 PM,0
Sainte-Radegonde,FR,7.61,7.64,6.55,49,1028,Clear,07:19 AM,04:11 PM,4.12,,07:26 PM,0
Sainte-Radegonde,FR,7.45,7.47,6.39,49,1028,Clear,07:20 AM,04:11 PM,4.12,,07:26 PM,0
Rhône-Alpes Region,FR,0.37,1.86,-1.87,89,1032,Clear,07:13 AM,03:56 PM,5.14,,07:26 PM,0
Arrondissement de Largentière,FR,0.74,1.45,0.74,71,1032,Clear,07:14 AM,04:04 PM,1.83,,07:26 PM,0
Labastide-de-Virac,FR,3.24,6.45,1.87,71,1025,Clear,07:12 AM,04:04 PM,1.34,,07:26 PM,0
Labastide-de-Virac,FR,3.31,6.53,1.95,71,1025,Clear,07:12 AM,04:04 PM,1.34,,07:26 PM,0
Peychagnard,FR,-1.77,0.72,-2.56,89,1035,Clear,07:09 AM,03:56 PM,1.95,,07:26 PM,4
La Coirelle,FR,-2.9,-0.52,-3.81,87,1035,Clear,07:09 AM,03:56 PM,2.2,,07:26 PM,3
Dordogne,FR,6.46,6.59,-0.01,82,1028,Clear,07:30 AM,04:15 PM,2.14,,07:22 PM,0
Saint-Antoine-Cumond,FR,5.9,8.12,0.97,81,1028,Clear,07:33 AM,04:17 PM,2.54,,07:26 PM,0
Saint-Antoine-Cumond,FR,5.99,8.19,1.05,81,1028,Clear,07:33 AM,04:17 PM,2.56,,07:26 PM,0
Arrondissement de Grenoble,FR,-4.85,-2.52,-7.52,86,1035,Clear,07:09 AM,03:55 PM,2.33,,07:26 PM,6
Vourey,FR,3.06,5.52,0.52,84,1033,Clear,07:12 AM,03:56 PM,5.81,,07:27 PM,0
Vourey,FR,2.97,5.42,0.42,84,1033,Clear,07:12 AM,03:56 PM,5.81,,07:27 PM,0
Four,FR,1.49,3.39,-0.35,93,1033,Clouds,07:14 AM,03:56 PM,1.03,,07:27 PM,40
Loire,FR,0.15,0.29,-1.41,93,1032,Clear,07:16 AM,03:59 PM,2.57,,07:27 PM,0
Arrondissement de Montbrison,FR,0.84,1.19,-0.5,86,1034,Clear,07:19 AM,04:00 PM,1.01,,07:27 PM,0
Chazelles-sur-Lyon,FR,-0.72,-0.27,-1.97,93,1032,Clear,07:17 AM,03:59 PM,2.57,,07:27 PM,0
Chazelles-sur-Lyon,FR,-0.93,-0.45,-2.15,93,1032,Clear,07:17 AM,03:59 PM,2.57,,07:27 PM,0
Auvergne Region,FR,-8.2,1.8,-8.2,84,1033,Clear,07:22 AM,04:06 PM,1.03,,07:27 PM,0
Puy-de-Dôme,FR,-4.37,-4.37,-4.37,93,1032,Clear,07:23 AM,04:04 PM,1.54,,07:27 PM,0
Arrondissement de Clermont-Ferrand,FR,-4.37,-4.37,-4.37,93,1032,Clear,07:23 AM,04:04 PM,1.54,,07:27 PM,0
Corent,FR,-2.04,-2.04,-2.04,93,1032,Clear,07:22 AM,04:04 PM,1.54,,07:27 PM,0
Limousin Region,FR,2.45,3.5,2.45,70,1030,Clear,07:27 AM,04:10 PM,1.74,,07:27 PM,0
Creuse,FR,-0.73,4.49,-1.17,83,1032,Clear,07:29 AM,04:07 PM,1.44,,07:27 PM,0
Le Bourgnon,FR,-0.87,0.58,-0.87,82,1032,Clear,07:28 AM,04:06 PM,1.26,,07:27 PM,0
Rhône,FR,0.03,1.19,-0.95,93,1034,Clear,07:18 AM,03:57 PM,0.59,,07:25 PM,0
Arrondissement de Villefranche-sur-Saône,FR,0.03,1.19,-0.95,93,1034,Clear,07:18 AM,03:57 PM,0.59,,07:25 PM,0
Chénelette,FR,-1.51,-0.68,-2.82,93,1034,Clear,07:19 AM,03:57 PM,0.84,,07:27 PM,0
Chénelette,FR,-1.59,-0.76,-2.9,93,1034,Clear,07:19 AM,03:57 PM,0.82,,07:27 PM,0
Arrondissement de Gex,FR,-5.1,-4.08,-8.63,83,1035,Clouds,07:13 AM,03:50 PM,2.57,,07:27 PM,90
Wissant,FR,7.81,8.86,6.53,90,1039,Clouds,07:51 AM,03:47 PM,7.34,,07:27 PM,34
Vitteaux,FR,2.28,2.93,-0.41,83,1034,Clear,07:24 AM,03:52 PM,3.25,,07:27 PM,0
Villers-Bretonneux,FR,6.98,7.45,5.78,93,1038,Mist,07:42 AM,03:49 PM,6.17,,07:27 PM,90
Villefranche-de-Rouergue,FR,9.12,9.4,8.32,84,1029,Clear,07:22 AM,04:13 PM,2,,07:27 PM,2
Villefranche-de-Lauragais,FR,8.33,10.04,6.64,89,1028,Clear,07:20 AM,04:18 PM,6.33,,07:27 PM,0
Vif,FR,2.25,4.73,1.45,89,1035,Clear,07:10 AM,03:56 PM,1.81,,07:23 PM,4
Vernègues,FR,0.77,6.33,-1.67,93,1030,Clear,07:07 AM,04:03 PM,0,,07:27 PM,0
Valbonne,FR,8.57,10.84,5.5,66,1028,Clear,07:00 AM,03:56 PM,0.45,,07:24 PM,0
Vaires-sur-Marne,FR,6.12,7.88,4.32,94,1036,Mist,07:37 AM,03:53 PM,5.14,,07:27 PM,40
Uzerche,FR,4.21,5.25,4.21,83,1029,Clear,07:28 AM,04:11 PM,1.54,,07:27 PM,0
Tullins,FR,2.65,5.14,0.14,84,1033,Clear,07:12 AM,03:56 PM,5.81,,07:27 PM,0
Trouillas,FR,8.61,10.55,6.64,82,1030,Clouds,07:13 AM,04:16 PM,1.54,,07:27 PM,90
Trégastel,FR,9.33,10.27,6.72,81,1034,Clouds,08:02 AM,04:18 PM,7.2,,07:27 PM,90
Tournes,FR,6.13,7.23,5.88,94,1038,Clear,07:34 AM,03:41 PM,3.2,,07:27 PM,3
Tournehem-sur-la-Hem,FR,7.36,8.15,6.51,95,1039,Clouds,07:49 AM,03:46 PM,4.45,,07:27 PM,11
Souillac,FR,5.48,5.48,5.48,86,1029,Clear,07:26 AM,04:13 PM,1.69,,07:27 PM,1
Souffelweyersheim,FR,3.08,6.16,0.21,87,1038,Clouds,07:16 AM,03:33 PM,3.09,,07:27 PM,20
Sissonne,FR,3.08,6.44,3.08,92,1037,Clear,07:36 AM,03:45 PM,2.9,,07:23 PM,0
Scaër,FR,7.37,8.65,5.96,84,1032,Clear,07:59 AM,04:22 PM,6.52,,07:26 PM,1
Sarry,FR,4.85,7.34,3.06,91,1037,Clear,07:31 AM,03:46 PM,3.72,,07:27 PM,0
Sarreinsming,FR,5.12,6.7,2.83,93,1037,Clouds,07:21 AM,03:34 PM,4.63,,07:27 PM,75
Saône,FR,0.72,3.12,-0.8,100,1035,Clear,07:17 AM,03:46 PM,2.38,,07:27 PM,0
Salins,FR,4.48,6.02,3.96,84,1035,Clear,07:34 AM,03:53 PM,4.73,,07:27 PM,0
Saint-Trojan-les-Bains,FR,4.07,4.07,3.87,77,1028,Clear,07:40 AM,04:21 PM,6.37,,07:27 PM,0
Saint-Symphorien-sur-Coise,FR,-0.72,-0.23,-1.93,93,1032,Clear,07:17 AM,03:59 PM,2.57,,07:27 PM,0
Saint-Pathus,FR,5.83,7.49,3.93,91,1035,Mist,07:38 AM,03:51 PM,0.45,,07:27 PM,40
Saint-Jeannet,FR,8.91,10.12,7.79,65,1028,Clear,06:59 AM,03:55 PM,0.89,,07:27 PM,0
Saint-Jean-de-Luz,FR,7.24,9.54,5.96,94,1026,Clear,07:33 AM,04:31 PM,1.03,,07:27 PM,0
Saint-Galmier,FR,0.78,1.07,-0.64,93,1032,Clear,07:17 AM,04:00 PM,2.57,,07:27 PM,0
Saint-Florent-sur-Auzonnet,FR,3.31,6.7,2.12,78,1031,Clear,07:13 AM,04:05 PM,2.02,,07:27 PM,0
Saint-Fiacre-sur-Maine,FR,7.97,8.96,4.52,76,1030,Clouds,07:46 AM,04:16 PM,7.2,,07:27 PM,90
Sainte-Sigolène,FR,-1.34,-1.34,-1.34,85,1033,Clear,07:16 AM,04:01 PM,0.43,,07:27 PM,0
Saint-Aubin-des-Ormeaux,FR,4.77,7.41,3.81,83,1030,Clear,07:44 AM,04:16 PM,7.23,,07:27 PM,0
Saint-André-sur-Vieux-Jonc,FR,0.46,1.9,-0.92,95,1034,Clear,07:17 AM,03:54 PM,0.89,,07:23 PM,0
Ruminghem,FR,7.5,8.45,6.69,98,1039,Clouds,07:49 AM,03:46 PM,4.45,,07:27 PM,13
Rue,FR,7.16,8.04,6.93,92,1038,Clear,07:48 AM,03:50 PM,5.92,,07:27 PM,4
Roscoff,FR,10.14,10.51,9.49,84,1032,Clear,08:03 AM,04:20 PM,4.47,,07:26 PM,5
Rochetaillée-sur-Saône,FR,1.35,2.88,0.16,96,1034,Clear,07:16 AM,03:56 PM,1.03,,07:27 PM,0
Riscle,FR,6.23,9.34,3.66,81,1027,Clear,07:28 AM,04:24 PM,2.46,,07:27 PM,0
Rioz,FR,1.56,3.94,0.01,86,1035,Clear,07:18 AM,03:45 PM,5.11,,07:27 PM,0
Riantec,FR,8.33,8.8,8.21,85,1032,Clouds,07:56 AM,04:22 PM,1.79,,07:27 PM,90
Rémilly,FR,3.45,6.92,1.33,91,1037,Clear,07:23 AM,03:37 PM,2.57,,07:28 PM,0
Ramatuelle,FR,5.89,12.29,4.05,66,1028,Clear,07:00 AM,03:59 PM,2.15,,07:28 PM,0
Raismes,FR,7.79,8.44,6.85,99,1038,Clear,07:41 AM,03:43 PM,4.5,,07:28 PM,1
Arrondissement de Limoux,FR,5.61,7.88,4.18,89,1029,Clear,07:16 AM,04:18 PM,2.5,,07:28 PM,2
Quend,FR,7.14,8.06,6.94,92,1038,Clear,07:48 AM,03:50 PM,6.29,,07:28 PM,3
Quédillac,FR,7.56,8.78,6.55,89,1033,Clear,07:54 AM,04:15 PM,5.05,,07:28 PM,4
Provin,FR,7.89,8.31,6.86,85,1038,Mist,07:44 AM,03:44 PM,1.79,,07:28 PM,90
Priziac,FR,7.12,8.52,5.96,85,1032,Clear,07:58 AM,04:21 PM,7.08,,07:28 PM,0
Prat,FR,8.11,10,6.44,81,1034,Clouds,08:00 AM,04:17 PM,7.2,,07:28 PM,90
Pouzauges,FR,3.08,3.14,2.25,83,1030,Clear,07:43 AM,04:15 PM,7.24,,07:28 PM,0
Pouilly-sous-Charlieu,FR,1.01,1.88,0.19,87,1034,Clear,07:20 AM,03:58 PM,1.51,,07:28 PM,0
Port-la-Nouvelle,FR,9.92,11.12,8.56,75,1030,Clouds,07:13 AM,04:14 PM,2.48,,07:28 PM,78
Pont-Sainte-Maxence,FR,6.45,7.9,5.49,93,1037,Clear,07:40 AM,03:51 PM,3.47,,07:28 PM,0
Pont-à-Marcq,FR,7.81,8.21,7.05,88,1038,Mist,07:43 AM,03:43 PM,7.2,,07:28 PM,90
Poix-du-Nord,FR,7.09,7.69,6.45,95,1038,Clear,07:40 AM,03:43 PM,4.56,,07:28 PM,5
Plouzané,FR,9.08,10.05,8.05,87,1031,Mist,08:04 AM,04:24 PM,8.23,,07:28 PM,90
Plouider,FR,9.6,10.26,9.25,86,1032,Clouds,08:04 AM,04:22 PM,9.77,,07:26 PM,90
Plouguenast-Langast,FR,6.66,7.23,6.08,89,1033,Clear,07:56 AM,04:17 PM,6.33,,07:28 PM,5
Plouër-sur-Rance,FR,7.18,8.12,6.99,54,1034,Clouds,07:55 AM,04:13 PM,5.14,,07:28 PM,90
Ploubezre,FR,8.98,10.03,6.48,81,1034,Clouds,08:01 AM,04:18 PM,7.2,,07:28 PM,90
Beaussais-sur-Mer,FR,7.51,9.13,6.9,57,1034,Clouds,07:55 AM,04:13 PM,5.14,,07:28 PM,90
Plonéis,FR,7.89,8.77,7.35,87,1031,Clouds,08:01 AM,04:24 PM,5.14,,07:26 PM,90
Plogonnec,FR,8.24,9.79,7.5,87,1031,Clouds,08:01 AM,04:24 PM,5.14,,07:28 PM,90
Pleyber-Christ,FR,9.14,9.77,7.77,93,1033,Clouds,08:02 AM,04:20 PM,5.77,,07:26 PM,27
Pleyben,FR,8.73,9.93,7.64,87,1032,Clear,08:01 AM,04:22 PM,6.46,,07:28 PM,1
Pfaffenheim,FR,1.98,4.1,-0.49,93,1037,Clear,07:15 AM,03:38 PM,3.09,,07:28 PM,0
Patay,FR,5.31,6.66,3.78,87,1033,Clear,07:38 AM,04:00 PM,3.6,,07:28 PM,0
Passy,FR,1.14,4.2,-2.48,53,1035,Clear,07:09 AM,03:49 PM,3.46,,07:28 PM,1
Paradou,FR,3.84,8.07,0.07,75,1030,Clear,07:09 AM,04:04 PM,2.68,,07:28 PM,0
Ormoy,FR,5.92,7.68,4.11,94,1035,Clear,07:37 AM,03:55 PM,2.06,,07:28 PM,0
Oppède,FR,1.8,7.23,-0.77,75,1030,Clear,07:08 AM,04:02 PM,1.42,,07:28 PM,0
Oberhergheim,FR,2.18,4.4,-0.19,93,1037,Clear,07:15 AM,03:38 PM,3.09,,07:28 PM,0
Nuillé-sur-Vicoin,FR,8.27,8.29,7.04,81,1033,Clouds,07:47 AM,04:10 PM,6.69,,07:28 PM,90
Nogent-le-Rotrou,FR,5.57,7.33,5.57,82,1034,Clear,07:42 AM,04:02 PM,6.24,,07:28 PM,6
Nogent-le-Roi,FR,6.15,7.53,4.8,95,1035,Clear,07:41 AM,03:58 PM,5.02,,07:26 PM,8
Niderviller,FR,4.33,6.17,-0.63,92,1038,Clear,07:19 AM,03:36 PM,3.54,,07:28 PM,2
Neuf-Berquin,FR,7.7,8.35,6.59,92,1039,Clear,07:46 AM,03:44 PM,3.7,,07:28 PM,10
Mus,FR,5.79,8.01,0.01,75,1030,Clear,07:11 AM,04:07 PM,2.57,,07:28 PM,0
Morteau,FR,-0.17,0.86,-3.06,74,1032,Clear,07:14 AM,03:45 PM,3.6,,07:28 PM,9
Montreuil-sur-Ille,FR,8,8.77,6.93,79,1033,Clear,07:52 AM,04:13 PM,5.25,,07:28 PM,0
Montlieu-la-Garde,FR,4.3,4.84,2.85,86,1028,Clear,07:34 AM,04:19 PM,2.11,,07:28 PM,0
Thoiry,FR,1.82,2.77,-1.78,81,1035,Clouds,07:13 AM,03:50 PM,2.57,,07:28 PM,90
Thoiry,FR,1.82,2.77,-1.78,81,1035,Clouds,07:13 AM,03:50 PM,2.57,,07:28 PM,90
Arrondissement de Thonon-les-Bains,FR,-3.07,-1.49,-6.3,90,1037,Clouds,07:11 AM,03:48 PM,2.05,,07:28 PM,11
Sciez,FR,2.09,3.43,-0.87,87,1036,Clear,07:12 AM,03:48 PM,2.46,,07:24 PM,10
Sciez,FR,2.05,3.37,-0.93,87,1036,Clear,07:12 AM,03:48 PM,2.42,,07:28 PM,9
Arrondissement de Saint-Claude,FR,-1.94,0.1,-5.13,99,1035,Clear,07:15 AM,03:50 PM,2.34,,07:28 PM,8
Burgundy Region,FR,2.79,2.9,-1.42,97,1034,Clear,07:22 AM,03:53 PM,1.18,,07:28 PM,0
Saône-et-Loire,FR,0.36,2.68,-1.64,95,1034,Clear,07:21 AM,03:55 PM,1.64,,07:28 PM,0
Châteaurenaud,FR,0.87,4.03,-0.48,92,1035,Clear,07:18 AM,03:52 PM,0.87,,07:28 PM,0
Arrondissement de Louhans,FR,0.81,3.94,-0.56,92,1035,Clear,07:18 AM,03:52 PM,1.23,,07:28 PM,0
Saillenard,FR,1.16,3.95,-0.55,92,1034,Clear,07:17 AM,03:51 PM,0.68,,07:28 PM,1
Saillenard,FR,1.17,3.94,-0.57,92,1034,Clear,07:17 AM,03:51 PM,0.68,,07:28 PM,2
Gilley,FR,-0.75,0.28,-3.64,94,1037,Clear,07:14 AM,03:45 PM,2.68,,07:28 PM,4
Gilley,FR,-0.72,0.32,-3.6,94,1037,Clear,07:14 AM,03:45 PM,2.68,,07:28 PM,4
Arrondissement de Dole,FR,2.38,3.79,-0.71,87,1033,Clear,07:18 AM,03:49 PM,2.57,,07:28 PM,0
Audelange,FR,2.22,3.91,-0.59,87,1033,Clear,07:18 AM,03:48 PM,2.57,,07:28 PM,0
Audelange,FR,2.19,3.89,-0.61,87,1033,Clear,07:18 AM,03:48 PM,2.57,,07:28 PM,0
Mossay,FR,4.56,5.81,4.13,88,1032,Clear,07:35 AM,04:05 PM,5.25,,07:28 PM,0
Pays de la Loire Region,FR,7.33,8.2,6.96,82,1031,Clear,07:46 AM,04:13 PM,7.23,,07:28 PM,0
Maine-et-Loire,FR,7.49,8.43,7.19,83,1031,Clouds,07:44 AM,04:11 PM,3.13,,07:29 PM,90
Arrondissement de Saumur,FR,7.14,8.06,7.13,88,1031,Clear,07:42 AM,04:11 PM,6.3,,07:29 PM,0
Louerre,FR,7.03,7.95,7.02,88,1031,Clear,07:43 AM,04:11 PM,6.31,,07:28 PM,0
Louerre,FR,7.01,7.92,6.99,81,1031,Clear,07:43 AM,04:11 PM,6.3,,07:29 PM,0
Arrondissement de Tours,FR,6.03,7.71,6.03,87,1032,Clear,07:39 AM,04:07 PM,4.63,,07:29 PM,0
Saint-Avertin,FR,6.18,6.18,6.17,87,1032,Clear,07:39 AM,04:07 PM,4.63,,07:27 PM,0
Saint-Avertin,FR,6.1,6.1,6.1,87,1032,Clear,07:39 AM,04:07 PM,4.63,,07:29 PM,0
Arrondissement de Montbéliard,FR,2.06,2.44,-0.91,93,1036,Clear,07:15 AM,03:43 PM,4.92,,07:29 PM,1
Anteuil,FR,2.12,2.82,-1.24,93,1036,Clear,07:15 AM,03:43 PM,4.92,,07:29 PM,0
Anteuil,FR,2.11,2.83,-1.23,93,1036,Clear,07:15 AM,03:43 PM,4.92,,07:29 PM,0
Arrondissement de Besançon,FR,0.73,2.85,-1.08,100,1035,Clear,07:16 AM,03:46 PM,2.28,,07:29 PM,0
Rognon,FR,2.37,3.21,-0.72,93,1035,Clear,07:17 AM,03:44 PM,4.73,,07:29 PM,0
Rognon,FR,2.81,3.74,-0.18,93,1035,Clear,07:17 AM,03:44 PM,4.86,,07:29 PM,0
Haute-Saône,FR,0.76,3.89,0.18,100,1035,Fog,07:18 AM,03:44 PM,1.54,,07:29 PM,90
Arrondissement de Vesoul,FR,1.12,4.16,0.45,84,1035,Clear,07:19 AM,03:46 PM,5.01,,07:29 PM,0
Ormenans,FR,2.12,4.04,0.12,86,1035,Clear,07:17 AM,03:45 PM,5.51,,07:29 PM,0
Arrondissement de Montbard,FR,1.94,3.9,1.94,82,1034,Clear,07:25 AM,03:51 PM,3.57,,07:29 PM,0
Millery,FR,2.79,2.79,2.79,86,1035,Clear,07:25 AM,03:52 PM,2.46,,07:29 PM,0
Millery,FR,2.87,2.87,2.87,86,1035,Clear,07:25 AM,03:52 PM,2.44,,07:29 PM,0
Alsace Region,FR,2.37,4.67,-0.01,87,1038,Clouds,07:16 AM,03:35 PM,3.09,,07:29 PM,20
Haut-Rhin,FR,2.2,4.4,-0.19,93,1037,Clear,07:15 AM,03:38 PM,3.09,,07:29 PM,0
Bisel,FR,2.26,3.1,-0.96,95,1038,Clear,07:13 AM,03:40 PM,2.61,,07:29 PM,0
Bisel,FR,2.26,3.1,-0.96,95,1038,Clear,07:13 AM,03:40 PM,2.6,,07:29 PM,0
Morbihan,FR,7.79,8.77,6.2,83,1032,Clear,07:55 AM,04:19 PM,7.16,,07:29 PM,2
Arrondissement de Lorient,FR,8.23,9.38,8.08,85,1032,Clouds,07:57 AM,04:21 PM,1.79,,07:29 PM,90
Nostang,FR,8.34,8.82,8.23,85,1031,Clouds,07:56 AM,04:21 PM,7.2,,07:29 PM,90
Nostang,FR,8.29,8.77,8.18,85,1031,Clouds,07:56 AM,04:21 PM,7.2,,07:29 PM,90
Arrondissement de Guebwiller,FR,2.31,4.36,-0.23,91,1038,Clear,07:15 AM,03:38 PM,1.79,,07:29 PM,0
Hirtzfelden,FR,2.17,4.37,-0.22,96,1038,Clear,07:14 AM,03:38 PM,1.82,,07:29 PM,0
Hirtzfelden,FR,2.17,4.35,-0.24,96,1038,Clear,07:14 AM,03:38 PM,1.8,,07:27 PM,0
Finistère,FR,7.82,8.76,6.75,90,1032,Clear,08:02 AM,04:22 PM,6.59,,07:29 PM,9
Arrondissement de Châteaulin,FR,8.72,9.92,7.92,87,1032,Clear,08:02 AM,04:22 PM,6.51,,07:29 PM,0
Ploéven,FR,8.92,10.3,8.3,84,1032,Clear,08:02 AM,04:23 PM,6.13,,07:29 PM,0
Ploéven,FR,8.92,10.3,8.3,84,1032,Clear,08:02 AM,04:23 PM,6.13,,07:29 PM,0
Arrondissement de Troyes,FR,4.92,7.19,3.43,87,1035,Clear,07:29 AM,03:49 PM,1.03,,07:28 PM,0
Bouilly,FR,4.71,5.36,3.12,87,1035,Clear,07:29 AM,03:50 PM,1.03,,07:30 PM,0
Bouilly,FR,4.69,5.34,3.1,87,1035,Clear,07:29 AM,03:50 PM,1.03,,07:30 PM,0
Sarthe,FR,7.91,8.19,6.23,81,1033,Clouds,07:44 AM,04:07 PM,4.63,,07:30 PM,75
Arrondissement de Mamers,FR,7.48,7.48,7.48,81,1034,Clear,07:45 AM,04:05 PM,5.61,,07:30 PM,4
Saint-Germain-sur-Sarthe,FR,7.81,8.09,7.81,82,1034,Clear,07:45 AM,04:06 PM,5.72,,07:30 PM,3
Saint-Germain-sur-Sarthe,FR,7.81,8.09,7.81,82,1034,Clear,07:45 AM,04:06 PM,5.72,,07:30 PM,3
Arrondissement de Chartres,FR,5.45,7.19,4.47,92,1034,Clear,07:40 AM,03:59 PM,1.34,,07:29 PM,1
Charonville,FR,5.32,6.47,4.43,83,1035,Clear,07:40 AM,04:01 PM,5.55,,07:30 PM,1
Charonville,FR,5.34,6.49,4.45,83,1035,Clear,07:40 AM,04:01 PM,5.55,,07:30 PM,0
Lorraine Region,FR,2.34,5.62,0.42,93,1037,Clear,07:25 AM,03:39 PM,2.57,,07:26 PM,0
Vosges,FR,2.58,4.55,-0.85,89,1036,Clear,07:20 AM,03:41 PM,2.49,,07:30 PM,0
Arrondissement de Neufchâteau,FR,3.22,4.81,-0.59,87,1035,Clear,07:22 AM,03:43 PM,4.12,,07:30 PM,0
Villouxel,FR,3.1,5.5,0.39,83,1036,Clear,07:23 AM,03:43 PM,5.04,,07:30 PM,0
Villouxel,FR,3.34,5.8,0.69,83,1036,Clear,07:23 AM,03:43 PM,5.02,,07:30 PM,0
Bonnevaux,FR,5.71,7.68,4.02,84,1035,Clear,07:36 AM,03:56 PM,4.51,,07:30 PM,0
Arrondissement de Bar-sur-Aube,FR,4.87,6.35,2.6,86,1036,Clear,07:27 AM,03:48 PM,2.9,,07:30 PM,0
Brienne-la-Vieille,FR,5.66,7.05,3.3,86,1036,Clear,07:28 AM,03:47 PM,3.13,,07:30 PM,0
Brienne-la-Vieille,FR,5.66,7.05,3.3,86,1036,Clear,07:28 AM,03:47 PM,3.14,,07:30 PM,0
Le Chesnay,FR,5.6,7.19,3.62,93,1035,Clear,07:38 AM,03:57 PM,4.92,,07:30 PM,0
Haute-Marne,FR,3.3,6.12,1.55,85,1036,Clear,07:24 AM,03:46 PM,3.94,,07:30 PM,0
Arrondissement de Saint-Dizier,FR,5,5.78,1.21,79,1036,Clear,07:26 AM,03:45 PM,6.03,,07:25 PM,0
Aingoulaincourt,FR,4.83,5.64,0.53,79,1036,Clear,07:25 AM,03:44 PM,6.84,,07:30 PM,0
Aingoulaincourt,FR,4.93,5.67,0.56,79,1036,Clear,07:25 AM,03:44 PM,6.86,,07:30 PM,0
Étréchy,FR,6.05,7.6,4.03,91,1035,Clear,07:38 AM,03:56 PM,4.57,,07:30 PM,0
Étréchy,FR,6.04,7.6,4.03,91,1035,Clear,07:38 AM,03:56 PM,4.6,,07:30 PM,0
Ymeray,FR,5.78,7.37,4.64,93,1035,Clear,07:40 AM,03:58 PM,5.41,,07:31 PM,0
Ymeray,FR,5.64,7.25,4.52,94,1035,Clear,07:40 AM,03:58 PM,5.43,,07:31 PM,0
Seine-et-Marne,FR,4.33,7.31,3.64,82,1036,Clear,07:34 AM,03:53 PM,4.98,,07:31 PM,0
Arrondissement de Melun,FR,5.05,7.55,3.88,98,1035,Clear,07:35 AM,03:54 PM,2.06,,07:30 PM,0
Fontenailles,FR,4.67,7.45,3.78,96,1036,Clear,07:35 AM,03:53 PM,4.78,,07:31 PM,0
Moselle,FR,3.2,6.22,1.06,91,1037,Clear,07:23 AM,03:37 PM,2.57,,07:31 PM,0
Arrondissement de Sarrebourg-Château-Salins,FR,3.53,6.04,0.91,92,1038,Clear,07:19 AM,03:36 PM,4.89,,07:31 PM,0
Walscheid,FR,2.35,5.75,-1.04,94,1038,Clear,07:18 AM,03:36 PM,2.91,,07:31 PM,3
Walscheid,FR,2.34,5.73,-1.07,94,1038,Clear,07:18 AM,03:36 PM,2.94,,07:31 PM,3
Arrondissement de Palaiseau,FR,6.34,7.73,4.58,92,1035,Clear,07:38 AM,03:55 PM,0.45,,07:31 PM,0
Savigny-sur-Orge,FR,6.41,7.84,4.69,92,1035,Clear,07:38 AM,03:55 PM,4.12,,07:30 PM,0
Savigny-sur-Orge,FR,6.38,7.8,4.64,92,1035,Clear,07:38 AM,03:55 PM,4.12,,07:31 PM,0
Paris,FR,6.51,7.88,4.73,92,1035,Clear,07:39 AM,03:54 PM,0.89,,07:30 PM,0
Paris,FR,6.51,7.88,4.73,92,1035,Clear,07:39 AM,03:54 PM,0.89,,07:30 PM,0
Paris 14,FR,6.36,7.68,4.52,92,1035,Clear,07:39 AM,03:54 PM,0.45,,07:30 PM,0
Petit-Montrouge,FR,6.31,7.65,4.49,92,1035,Clear,07:39 AM,03:54 PM,0.45,,07:31 PM,0
Upper Normandy Region,FR,5.69,6.16,5.04,91,1035,Clouds,07:47 AM,03:57 PM,2.24,,07:31 PM,90
Arrondissement de Bernay,FR,5.38,6.07,4.95,90,1036,Clouds,07:47 AM,03:59 PM,5.08,,07:31 PM,25
La Roussière,FR,5.07,5.77,4.65,91,1035,Clear,07:46 AM,04:01 PM,5.71,,07:31 PM,9
La Roussière,FR,6.45,7.47,4.75,91,1036,Clouds,07:42 AM,03:57 PM,4.91,,07:31 PM,19
Yvelines,FR,6.2,7.44,4.71,94,1035,Clear,07:40 AM,03:56 PM,3.6,,07:31 PM,1
Arrondissement de Mantes-la-Jolie,FR,7.03,8,5.27,87,1036,Clouds,07:42 AM,03:56 PM,4.95,,07:31 PM,17
Mantes-la-Jolie,FR,6.93,7.9,5.17,89,1036,Clouds,07:42 AM,03:56 PM,1.79,,07:31 PM,12
Mantes-la-Jolie,FR,6.93,7.9,5.17,89,1036,Clouds,07:42 AM,03:56 PM,1.79,,07:31 PM,12
Marne,FR,4.33,7.16,2.87,100,1036,Clear,07:32 AM,03:47 PM,4.63,,07:31 PM,0
Arrondissement de Châlons-en-Champagne,FR,4.51,7.2,2.92,95,1036,Clear,07:31 AM,03:46 PM,4.63,,07:31 PM,0
Les Grandes-Loges,FR,4.07,7.18,2.89,100,1036,Clear,07:32 AM,03:45 PM,1.03,,07:31 PM,0
Les Grandes-Loges,FR,4.09,7.19,2.91,100,1036,Clear,07:32 AM,03:45 PM,1.03,,07:31 PM,0
Arrondissement de Sarreguemines,FR,5.21,6.58,2.91,96,1038,Clear,07:20 AM,03:33 PM,2.84,,07:31 PM,9
Obergailbach,FR,5.46,6.86,4.07,87,1037,Clouds,07:20 AM,03:33 PM,5.66,,07:31 PM,75
Obergailbach,FR,5.46,6.86,4.07,87,1037,Clouds,07:20 AM,03:33 PM,5.66,,07:31 PM,75
Meuse,FR,2.69,6.28,1.07,93,1037,Clear,07:27 AM,03:41 PM,4.89,,07:31 PM,0
Arrondissement de Verdun,FR,6.05,7.06,4.94,93,1038,Clear,07:28 AM,03:40 PM,4.48,,07:31 PM,0
Belleray,FR,3.94,6.68,2.77,92,1037,Clear,07:28 AM,03:41 PM,4.76,,07:31 PM,0
Belleray,FR,3.88,6.62,2.71,92,1037,Clear,07:28 AM,03:41 PM,4.78,,07:31 PM,0
Les Andelys,FR,6.36,7.62,5.62,93,1036,Clouds,07:44 AM,03:56 PM,5.29,,07:30 PM,38
Amfreville-les-Champs,FR,5.81,7.27,5.27,93,1036,Clouds,07:45 AM,03:56 PM,4.63,,07:32 PM,90
Amfreville-les-Champs,FR,5.52,6.98,4.98,93,1036,Clouds,07:45 AM,03:56 PM,4.63,,07:32 PM,90
Arrondissement de Thionville,FR,4.89,7.07,2.51,93,1038,Clear,07:25 AM,03:36 PM,3.06,,07:30 PM,0
Thionville,FR,5.84,7.79,3.23,93,1024,Clear,07:26 AM,03:37 PM,0.89,,07:29 PM,0
Thionville,FR,5.86,7.79,3.06,93,1024,Clear,07:26 AM,03:37 PM,1.34,,07:32 PM,1
Ardennes,FR,4.85,6.55,2.05,93,1038,Clear,07:33 AM,03:41 PM,3.58,,07:32 PM,0
Arrondissement de Rethel,FR,4.65,5.73,2.93,92,1037,Clear,07:33 AM,03:43 PM,3.92,,07:32 PM,0
Perthes,FR,4.23,5.56,2.77,92,1037,Clear,07:33 AM,03:43 PM,3.9,,07:32 PM,0
Perthes,FR,4.23,5.56,2.77,92,1037,Clear,07:33 AM,03:43 PM,3.9,,07:32 PM,0
Seine-Maritime,FR,5.98,6.26,5.14,91,1037,Clouds,07:48 AM,03:55 PM,5.34,,07:32 PM,15
Région Picardie,FR,6.7,7.4,6.26,94,1038,Clear,07:39 AM,03:44 PM,4.23,,07:32 PM,0
Pouilly-sur-Meuse,FR,5.73,6.86,5.01,93,1038,Clear,07:30 AM,03:40 PM,4.85,,07:32 PM,0
Pouilly-sur-Meuse,FR,6.01,7.2,5.34,93,1038,Clear,07:31 AM,03:40 PM,4.81,,07:32 PM,0
