Forville,FR,1.52,4.31,-2.3,46,1036,Clear,08:06 AM,04:53 PM,1.32,,11:06 PM,0
La Portanière,FR,5.32,11.57,0.88,87,1028,Clear,08:01 AM,05:01 PM,1.54,,11:02 PM,0
Wittenheim,FR,2.62,4.11,0.55,96,1037,Clear,08:14 AM,04:39 PM,2.08,,11:06 PM,0
Wattrelos,FR,7.32,7.88,6.17,86,1039,Clear,08:44 AM,04:42 PM,3.84,,11:06 PM,4
Vitré,FR,6.48,7.75,6.16,76,1032,Clear,08:50 AM,05:11 PM,6.47,,11:06 PM,0
Viry-Châtillon,FR,5.69,6.72,4.61,96,1036,Clear,08:38 AM,04:55 PM,4.12,,11:06 PM,0
Villeneuve-le-Roi,FR,5.67,6.69,4.58,96,1036,Clear,08:38 AM,04:54 PM,4.12,,11:06 PM,0
Vierzon,FR,3.23,4.29,1.06,87,1033,Clear,08:33 AM,05:02 PM,3.06,,11:06 PM,0
Verrières-le-Buisson,FR,5.32,6.3,4.2,96,1035,Mist,08:38 AM,04:55 PM,4.12,,11:06 PM,20
Arrondissement d'Antony,FR,5.61,6.59,4.48,96,1035,Mist,08:38 AM,04:55 PM,4.12,,11:06 PM,20
Vallauris,FR,8.52,11.23,3.89,63,1027,Clear,07:59 AM,04:56 PM,2.06,,11:06 PM,0
Tourcoing,FR,7.35,8.04,6.11,88,1039,Clouds,08:44 AM,04:42 PM,5.14,,11:05 PM,90
Taverny,FR,5.36,6.4,4.55,95,1036,Mist,08:40 AM,04:54 PM,4.12,,11:06 PM,20
Soisy-sous-Montmorency,FR,5.65,6.68,4.84,93,1036,Mist,08:39 AM,04:54 PM,3.6,,11:06 PM,0
Sin-le-Noble,FR,7.58,8.54,6.26,95,1038,Clouds,08:42 AM,04:44 PM,3.93,,11:06 PM,17
Sèvres,FR,5.27,6.24,4.13,96,1035,Mist,08:39 AM,04:55 PM,4.12,,11:04 PM,20
Salon-de-Provence,FR,1.74,6.6,-0.13,88,1029,Clear,08:07 AM,05:03 PM,0,,11:06 PM,0
Saint-Ouen-sur-Seine,FR,5.64,6.66,4.55,96,1036,Mist,08:39 AM,04:54 PM,0.89,,11:02 PM,0
Saint-Fons,FR,1.67,3.18,-0.25,90,1033,Mist,08:16 AM,04:57 PM,0.51,,11:06 PM,90
Saint-Avold,FR,5.34,6.2,2.01,87,1038,Clear,08:22 AM,04:36 PM,3.9,,11:06 PM,5
Rezé,FR,6.25,7.51,4.54,88,1031,Clear,08:47 AM,05:17 PM,6.69,,11:06 PM,0
Pontivy,FR,7.18,8.31,6.29,79,1032,Clear,08:56 AM,05:19 PM,6.33,,11:06 PM,2
Pessac,FR,4.96,6.95,-0.07,95,1029,Clear,08:34 AM,05:22 PM,0.89,,11:06 PM,0
Palaiseau,FR,5.43,6.42,4.31,95,1035,Mist,08:38 AM,04:55 PM,1.34,,11:06 PM,20
Ozoir-la-Ferrière,FR,5.14,6.28,4.17,90,1035,Clear,08:37 AM,04:53 PM,2.57,,11:06 PM,0
Oullins,FR,1.58,3.34,-2.02,93,1033,Mist,08:16 AM,04:57 PM,0.51,,11:06 PM,90
Mougins,FR,8.38,11.21,3.87,64,1027,Clear,07:59 AM,04:56 PM,2.06,,11:06 PM,0
Morsang-sur-Orge,FR,5.65,6.67,4.56,96,1036,Clear,08:38 AM,04:55 PM,4.12,,11:06 PM,0
Montélimar,FR,3.21,6.61,2.54,79,1032,Clear,08:12 AM,05:02 PM,3.58,,11:06 PM,0
Montbéliard,FR,3.1,5.53,1.88,95,1036,Clear,08:15 AM,04:42 PM,5.03,,11:06 PM,2
Maisons-Alfort,FR,5.71,6.73,4.62,96,1036,Mist,08:38 AM,04:54 PM,4.12,,11:06 PM,0
Louviers,FR,7.02,7.75,5.11,94,1036,Clouds,08:45 AM,04:57 PM,5.66,,11:05 PM,90
Limeil-Brévannes,FR,5.51,6.56,4.45,95,1036,Clear,08:38 AM,04:54 PM,4.12,,11:06 PM,0
Les Pavillons-sous-Bois,FR,5.41,6.49,4.65,93,1036,Mist,08:38 AM,04:53 PM,0.45,,11:06 PM,0
Lattes,FR,4.97,4.97,4.08,81,1030,Clear,08:12 AM,05:09 PM,2.06,,11:05 PM,0
Grigny,FR,5.44,6.47,4.36,97,1036,Clear,08:37 AM,04:55 PM,4.12,,11:06 PM,0
Goussainville,FR,5.27,6.37,4.52,94,1036,Mist,08:39 AM,04:53 PM,4.12,,11:01 PM,0
Gien,FR,3.25,4.17,1.96,86,1034,Clear,08:32 AM,04:58 PM,3.95,,11:06 PM,0
Gagny,FR,5.49,6.58,4.73,93,1036,Mist,08:38 AM,04:53 PM,3.6,,11:06 PM,0
Firminy,FR,-0.81,-0.06,-2.2,93,1032,Mist,08:17 AM,05:00 PM,2.06,,11:04 PM,0
Échirolles,FR,1.64,6.29,-0.56,93,1034,Clear,08:10 AM,04:56 PM,1.65,,11:06 PM,6
Décines-Charpieu,FR,1.93,3.34,-0.09,90,1033,Mist,08:15 AM,04:56 PM,0.51,,11:05 PM,90
Dammarie-les-Lys,FR,5.17,6.55,3.65,90,1035,Clear,08:36 AM,04:54 PM,2.57,,11:06 PM,0
Colombes,FR,5.71,6.71,4.6,95,1036,Mist,08:39 AM,04:54 PM,3.6,,11:06 PM,0
Cognac,FR,3.39,4.71,3.05,86,1029,Clear,08:36 AM,05:18 PM,2.57,,11:06 PM,0
Chenôve,FR,1.41,2.77,-0.56,93,1034,Clear,08:21 AM,04:50 PM,3.6,,11:06 PM,0
Chelles,FR,5.37,6.5,4.65,94,1036,Mist,08:38 AM,04:53 PM,4.12,,11:06 PM,0
Cesson-Sévigné,FR,7.4,7.98,6.39,81,1033,Clouds,08:51 AM,05:13 PM,3.6,,11:06 PM,75
Cayenne,FR,6.02,7.06,4.77,94,1037,Clouds,08:45 AM,04:54 PM,5.16,,11:02 PM,17
Carvin,FR,7.63,8.15,6.55,80,1038,Clouds,08:44 AM,04:44 PM,1.34,,11:06 PM,90
Bonneuil-sur-Marne,FR,5.66,6.71,4.6,95,1036,Clear,08:38 AM,04:54 PM,4.12,,11:06 PM,0
Belfort,FR,2.47,5.21,-0.41,94,1036,Clear,08:15 AM,04:41 PM,3.68,,11:05 PM,1
Bayeux,FR,7.1,8.55,5.61,93,1035,Clear,08:53 AM,05:04 PM,5.94,,11:06 PM,1
Bagnolet,FR,5.38,6.42,4.31,95,1036,Mist,08:38 AM,04:54 PM,0.45,,11:06 PM,0
Autun,FR,1.83,2.39,-0.29,96,1034,Clear,08:23 AM,04:54 PM,1.41,,11:02 PM,2
Auch,FR,7.36,8.95,3.35,89,1028,Clear,08:25 AM,05:21 PM,2.24,,11:03 PM,0
Annecy-le-Vieux,FR,1.53,3.17,-1.95,87,1034,Clouds,08:11 AM,04:51 PM,4.12,,11:06 PM,90
Alfortville,FR,5.75,6.77,4.66,96,1036,Mist,08:38 AM,04:54 PM,4.12,,11:06 PM,0
Les Ulis,FR,4.97,5.93,3.82,95,1035,Mist,08:39 AM,04:56 PM,0.89,,11:06 PM,20
Saint-Jean-de-la-Ruelle,FR,3.82,4.36,3.03,96,1032,Mist,08:36 AM,05:00 PM,1.79,,11:06 PM,0
Saint-Herblain,FR,6.11,7.31,4.34,88,1031,Clear,08:48 AM,05:17 PM,6.69,,11:07 PM,0
Saint-Étienne,FR,-1.4,0.63,-2.8,93,1032,Mist,08:16 AM,05:00 PM,2.06,,11:07 PM,0
Saint-Cyr-sur-Loire,FR,5.14,5.14,5.03,93,1032,Clear,08:39 AM,05:07 PM,4.63,,11:03 PM,0
Paris,FR,5.65,6.66,4.55,96,1036,Mist,08:39 AM,04:54 PM,0.45,,11:07 PM,0
Arrondissement de Boulogne-sur-Mer,FR,7.34,8.07,6.12,95,1039,Clear,08:49 AM,04:47 PM,5.2,,11:02 PM,7
Outreau,FR,7.75,8.34,7.15,90,1038,Clear,08:50 AM,04:49 PM,6.75,,11:07 PM,1
Orvault,FR,6.15,7.3,4.34,88,1031,Clear,08:48 AM,05:17 PM,6.69,,11:07 PM,0
Arrondissement de Metz,FR,5.27,6.96,2.36,88,1037,Clouds,08:24 AM,04:38 PM,4.63,,11:07 PM,90
Maurepas,FR,4.9,5.86,3.75,94,1034,Mist,08:40 AM,04:56 PM,0.89,,11:07 PM,20
Laon,FR,3.68,3.68,3.68,93,1037,Clear,08:37 AM,04:46 PM,3.19,,11:05 PM,0
La Crau,FR,7.68,11.91,1.22,73,1028,Clear,08:02 AM,05:01 PM,1.54,,11:07 PM,0
La Courneuve,FR,5.68,6.73,4.62,93,1036,Mist,08:39 AM,04:54 PM,0.45,,11:07 PM,0
Gentilly,FR,5.46,6.44,4.33,95,1035,Mist,08:38 AM,04:54 PM,0.45,,11:04 PM,20
Garches,FR,4.94,5.92,3.81,96,1035,Mist,08:39 AM,04:55 PM,4.12,,11:07 PM,20
Croix,FR,7.5,8.12,6.19,83,1038,Clouds,08:44 AM,04:43 PM,5.14,,11:04 PM,90
Couëron,FR,6.27,7.38,4.42,88,1031,Clear,08:48 AM,05:17 PM,6.69,,11:07 PM,0
Cernay,FR,2.3,3.63,0.07,94,1037,Clear,08:15 AM,04:39 PM,2.42,,11:07 PM,0
Montussan,FR,5.23,6.93,-0.09,90,1028,Clear,08:34 AM,05:21 PM,3.26,,11:07 PM,0
Saint-Laurent,FR,4.81,5.19,4.8,94,1038,Clear,08:33 AM,04:40 PM,2.89,,11:07 PM,1
Saint-Bris-le-Vineux,FR,2.29,2.29,0.64,89,1035,Clear,08:29 AM,04:54 PM,2.53,,11:07 PM,0
Garanou,FR,-0.12,6.52,-1.09,83,1030,Clear,08:18 AM,05:20 PM,4.13,,11:07 PM,0
Provence-Alpes-Côte d'Azur Region,FR,1.99,5.37,1.99,77,1030,Clear,08:05 AM,04:59 PM,2.88,,11:07 PM,0
Var,FR,3.06,10.69,0,93,1028,Clear,08:02 AM,04:59 PM,0,,11:04 PM,0
Arrondissement de Narbonne,FR,8,10.31,6.68,76,1030,Clouds,08:14 AM,05:14 PM,1.02,,11:07 PM,45
Carbonne,FR,6.35,8.69,5.71,94,1027,Clear,08:21 AM,05:20 PM,2.31,,11:07 PM,0
Carbonne,FR,6.25,8.61,5.63,94,1027,Clear,08:21 AM,05:20 PM,2.27,,11:07 PM,0
Arrondissement de Marseille,FR,3.17,9.92,-1.9,54,1028,Clear,08:04 AM,05:03 PM,2.17,,11:06 PM,0
Saint-Pierre,FR,2.86,4.3,0.09,84,1029,Clear,08:06 AM,05:05 PM,0,,11:04 PM,0
Ilharre,FR,5.44,8.05,3.55,77,1027,Clear,08:31 AM,05:29 PM,1.78,,11:07 PM,0
Les Mées,FR,4.08,4.08,4.08,76,1030,Clear,08:05 AM,04:59 PM,2.81,,11:07 PM,0
Castelsarrasin,FR,8.99,9.51,7.15,90,1028,Clear,08:25 AM,05:18 PM,3.03,,11:07 PM,0
Vallabrix,FR,4.18,6.09,2.02,79,1030,Clear,08:11 AM,05:04 PM,3,,11:04 PM,0
Lussolle,FR,4.67,7.03,2.55,94,1028,Clear,08:30 AM,05:23 PM,2.6,,11:07 PM,0
Pontenx-les-Forges,FR,1.28,8.26,-0.1,82,1027,Clear,08:34 AM,05:26 PM,2.61,,11:07 PM,0
Pontenx-les-Forges,FR,1.64,8.33,-0.03,82,1027,Clear,08:34 AM,05:26 PM,2.62,,11:07 PM,0
Saint-Trosse,FR,4.93,6.12,3.04,84,1027,Clear,08:34 AM,05:26 PM,2.49,,11:07 PM,0
Arrondissement de Périgueux,FR,5.08,9.03,-1.17,72,1029,Clear,08:31 AM,05:16 PM,2.37,,11:07 PM,0
Arrondissement de La Tour-du-Pin,FR,1.15,2.62,-1.75,95,1034,Clear,08:13 AM,04:55 PM,2.01,,11:07 PM,1
Four,FR,1.59,3.21,-1.16,87,1033,Clouds,08:14 AM,04:56 PM,2.06,,11:07 PM,75
Corent,FR,-1.37,-1.37,-1.37,93,1031,Clear,08:22 AM,05:04 PM,1.03,,11:07 PM,0
Upper Savoy,FR,-6.7,-5.47,-10.34,87,1034,Clouds,08:11 AM,04:50 PM,4.12,,11:07 PM,90
Franche-Comté Region,FR,-1.54,5,-2.45,100,1035,Clear,08:16 AM,04:47 PM,2.44,,11:07 PM,1
Jura,FR,-1.49,2.87,-3.66,90,1035,Clear,08:16 AM,04:49 PM,2.16,,11:07 PM,1
Trouy,FR,1.41,3.46,0.64,87,1033,Clear,08:31 AM,05:02 PM,3.46,,11:07 PM,0
Trouy,FR,1.41,3.47,0.65,87,1033,Clear,08:31 AM,05:02 PM,3.46,,11:07 PM,0
Doubs,FR,-0.51,2.42,-5.03,93,1036,Clear,08:15 AM,04:45 PM,2.37,,11:07 PM,3
Arrondissement de Pontarlier,FR,-1.71,1.08,-6.37,96,1036,Clouds,08:14 AM,04:47 PM,2.9,,11:07 PM,23
La Croix Verte,FR,5.71,6.14,3.82,86,1032,Clear,08:41 AM,05:10 PM,5.09,,11:07 PM,1
Ormenans,FR,0.99,5.98,-1.46,86,1035,Clear,08:17 AM,04:45 PM,5.56,,11:07 PM,0
Brittany Region,FR,7.65,8.47,6.46,78,1032,Clear,08:56 AM,05:19 PM,6.46,,11:07 PM,2
Champagne-Ardenne Region,FR,4,5.78,2.03,91,1036,Clear,08:31 AM,04:45 PM,4.46,,11:07 PM,0
Île-de-France Region,FR,5.21,6.43,3.53,87,1035,Clear,08:36 AM,04:55 PM,2.57,,11:07 PM,0
Fontenailles,FR,4.53,6.22,3.32,93,1035,Clear,08:35 AM,04:53 PM,4.49,,11:07 PM,0
Audignicourt,FR,4.74,7.19,4.6,92,1037,Clear,08:38 AM,04:48 PM,3.32,,11:07 PM,0
Somme,FR,7.42,8.44,6.22,100,1037,Mist,08:43 AM,04:49 PM,6.69,,11:07 PM,90
Béthencourt-sur-Mer,FR,6.54,8,6.33,94,1037,Clear,08:47 AM,04:52 PM,5.95,,11:07 PM,8
L'Hospitalet-près-l'Andorre,FR,-4.09,0.84,-6.88,81,1032,Clear,08:17 AM,05:20 PM,1.03,,11:07 PM,0
L'Allier,FR,4.04,4.17,3.92,87,1034,Clear,08:39 AM,05:02 PM,5.55,,11:07 PM,0
L'Eure,FR,6.33,7.58,5.9,90,1036,Clouds,08:50 AM,05:00 PM,5.14,,11:07 PM,90
Saint-Girons,FR,4.41,4.41,0.19,64,1028,Clear,08:21 AM,05:22 PM,2.27,,11:07 PM,0
Grenoble,FR,1.98,6.67,-0.18,93,1035,Clear,08:10 AM,04:55 PM,2.24,,11:08 PM,7
Serres-Castet,FR,4.29,4.95,1.88,87,1026,Clear,08:28 AM,05:26 PM,2.57,,11:08 PM,0
Mamers,FR,4.59,4.59,4.59,79,1034,Clear,08:44 AM,05:04 PM,5.92,,11:05 PM,2
Bar-sur-Aube,FR,4.22,5.79,0.63,90,1035,Clear,08:26 AM,04:47 PM,3.32,,11:08 PM,0
Anguilcourt-le-Sart,FR,7.38,7.49,7.09,93,1037,Clear,08:38 AM,04:46 PM,3.27,,11:08 PM,0
Yerres,FR,5.35,6.42,4.31,93,1036,Clear,08:37 AM,04:54 PM,4.12,,11:06 PM,0
Arrondissement de Mulhouse,FR,2.46,3.67,0.11,97,1037,Clouds,08:13 AM,04:39 PM,1.79,,11:08 PM,90
Hésingue,FR,2.84,3.84,0.29,95,1036,Clouds,08:12 AM,04:39 PM,3.09,,11:08 PM,90
Les Chenais,FR,6.71,7.71,5.79,76,1032,Clear,08:50 AM,05:12 PM,6.25,,11:08 PM,0
Arrondissement de Sarlat-la-Canéda,FR,3.19,6.91,-1.62,87,1029,Clear,08:28 AM,05:15 PM,1.67,,11:05 PM,0
Dhuizon,FR,4.11,4.42,3.09,88,1033,Clear,08:36 AM,05:02 PM,4.39,,11:08 PM,0
Dhuizon,FR,4.07,4.38,3.05,88,1033,Clear,08:36 AM,05:02 PM,4.37,,11:08 PM,0
Lot-et-Garonne,FR,5.29,8.65,-1.64,94,1028,Clear,08:28 AM,05:19 PM,2.57,,11:08 PM,0
Arrondissement d'Agen,FR,7.92,9.13,5.81,91,1028,Clear,08:27 AM,05:20 PM,3.21,,11:08 PM,0
Pont-du-Casse,FR,5.57,9.13,3.91,100,1028,Clear,08:27 AM,05:19 PM,2.57,,11:08 PM,0
Pont-du-Casse,FR,5.52,9.12,3.89,100,1028,Clear,08:27 AM,05:19 PM,2.57,,11:08 PM,0
Rosny-sous-Bois,FR,5.46,6.52,4.41,94,1036,Mist,08:38 AM,04:53 PM,0.45,,11:05 PM,0
Grégny,FR,0.54,3.85,-1.43,75,1035,Clear,08:08 AM,04:51 PM,3.73,,11:06 PM,4
Plérin,FR,7.47,8.32,6.77,87,1033,Clouds,08:58 AM,05:16 PM,4.02,,11:08 PM,90
Arrondissement de Rambouillet,FR,4.84,5.87,3.76,93,1035,Clear,08:39 AM,04:57 PM,4.56,,11:05 PM,0
Saint-Germain-de-la-Grange,FR,5.31,6.25,4.14,93,1035,Mist,08:40 AM,04:56 PM,3.6,,11:08 PM,20
Allier,FR,0.25,1.17,-0.24,91,1033,Clear,08:26 AM,05:01 PM,2.02,,11:08 PM,0
Pouillon,FR,5.32,8.1,2.98,100,1026,Clear,08:31 AM,05:28 PM,1.03,,11:06 PM,0
Aiffres,FR,3.51,4.56,2.95,91,1029,Clear,08:39 AM,05:16 PM,0.89,,11:08 PM,0
Aiffres,FR,3.44,4.49,3.07,91,1029,Clear,08:39 AM,05:16 PM,0.89,,11:08 PM,0
Arrondissement de Dijon,FR,0.71,2.12,-1.21,93,1034,Clear,08:22 AM,04:50 PM,3.6,,11:08 PM,0
Marcilly-sur-Tille,FR,1.04,2.71,-0.63,88,1035,Clear,08:22 AM,04:49 PM,3.71,,11:08 PM,0
Marcilly-sur-Tille,FR,1.02,2.68,-0.66,88,1035,Clear,08:22 AM,04:49 PM,3.7,,11:08 PM,0
Montaigut-sur-Save,FR,8.13,8.81,5.83,87,1028,Clear,08:23 AM,05:19 PM,7.2,,11:08 PM,0
Allennes-les-Marais,FR,7.62,8.14,6.54,80,1038,Clouds,08:44 AM,04:44 PM,1.34,,11:08 PM,90
Quiberon,FR,8.44,8.93,7.84,81,1029,Clear,08:55 AM,05:22 PM,3.58,,11:08 PM,0
Nexon,FR,4.86,7.37,3.29,70,1029,Clear,08:30 AM,05:12 PM,3.09,,11:08 PM,0
Loiret,FR,3.05,4.25,2.03,94,1034,Clear,08:35 AM,04:58 PM,3.89,,11:06 PM,0
La Jacqueminière,FR,2.22,3.5,1.77,87,1031,Clear,08:32 AM,04:55 PM,4.13,,11:05 PM,0
Quévert,FR,6.84,7.71,6.48,50,1032,Clouds,08:55 AM,05:13 PM,0.45,,11:08 PM,90
Hazebrouck,FR,7.41,8.49,6.54,91,1039,Clear,08:46 AM,04:45 PM,3.77,,11:08 PM,6
Villeurbanne,FR,1.8,3.45,0.02,90,1033,Mist,08:16 AM,04:57 PM,0.51,,11:04 PM,90
Arrondissement de Brest,FR,7.94,8.17,7.25,81,1032,Clouds,09:04 AM,05:23 PM,8.23,,11:08 PM,90
Amiens,FR,7.24,8.48,6.25,95,1037,Clouds,08:43 AM,04:50 PM,4.59,,11:05 PM,11
Strasbourg,FR,1.9,5.73,-1.53,87,1038,Clear,08:16 AM,04:34 PM,3.6,,11:04 PM,0
Nanterre,FR,5.68,6.66,4.55,94,1035,Mist,08:39 AM,04:54 PM,4.12,,11:08 PM,20
Orne,FR,6.3,6.3,6.3,82,1035,Clear,08:47 AM,05:04 PM,5.21,,11:08 PM,2
Créteil,FR,5.59,6.63,4.52,96,1036,Clear,08:38 AM,04:54 PM,4.12,,11:08 PM,0
Saint-Denis,FR,5.71,6.75,4.64,93,1036,Mist,08:39 AM,04:54 PM,0.45,,11:08 PM,0
Clermont-Ferrand,FR,-1.34,-0.15,-1.34,93,1031,Clear,08:23 AM,05:04 PM,1.03,,11:08 PM,0
Clermont-Ferrand,FR,-1.53,-0.34,-1.53,93,1031,Clear,08:23 AM,05:04 PM,1.03,,11:08 PM,0
Arrondissement de Tarbes,FR,2.83,7.36,2.26,93,1026,Clear,08:26 AM,05:25 PM,1.54,,11:06 PM,0
Clermont,FR,5.67,6.57,4.73,94,1037,Clear,08:41 AM,04:52 PM,3.6,,11:08 PM,1
Perpignan,FR,8.9,9.7,7.15,82,1030,Clouds,08:13 AM,05:16 PM,3.09,,11:05 PM,90
Calvados,FR,6.85,6.88,5.35,87,1035,Clouds,08:51 AM,05:04 PM,4.63,,11:08 PM,90
Le Mans,FR,5.03,5.94,4.61,79,1033,Clear,08:43 AM,05:06 PM,5.79,,11:05 PM,1
Le Mans,FR,5.03,5.94,4.61,79,1033,Clear,08:43 AM,05:06 PM,5.79,,11:05 PM,1
Reims,FR,4.09,6.25,2.53,93,1037,Clear,08:34 AM,04:46 PM,1.54,,11:08 PM,0
Argentan,FR,6.4,6.4,4.87,82,1035,Clear,08:48 AM,05:04 PM,4.96,,11:08 PM,2
Arrondissement de Roanne,FR,0,2.3,-1.16,84,1033,Clear,08:20 AM,04:59 PM,1.58,,11:08 PM,0
Roanne,FR,0.29,2.73,-0.67,84,1033,Clear,08:20 AM,04:59 PM,1.22,,11:08 PM,0
Landerneau,FR,8.25,8.61,7.69,84,1032,Clouds,09:03 AM,05:22 PM,7.2,,11:08 PM,90
Arrondissement de Beauvais,FR,5.86,7.11,4.62,95,1035,Clouds,08:42 AM,04:53 PM,0.89,,11:08 PM,75
Ville-d'Avray,FR,5.33,6.3,4.19,96,1035,Mist,08:39 AM,04:55 PM,4.12,,11:08 PM,20
Fontainebleau,FR,5.02,6.48,3.58,84,1035,Clear,08:35 AM,04:55 PM,4.09,,11:08 PM,0
Chamalières,FR,-1.6,-0.41,-1.6,93,1031,Clear,08:23 AM,05:04 PM,1.03,,11:09 PM,0
Saint-Brieuc,FR,6.99,7.85,6.31,87,1033,Clouds,08:58 AM,05:16 PM,4.02,,11:09 PM,90
Nièvre,FR,1.3,1.3,1.3,89,1034,Clear,08:26 AM,04:57 PM,1.48,,11:09 PM,0
La Seyne-sur-Mer,FR,9.31,12.16,1.47,57,1028,Clear,08:02 AM,05:02 PM,3.75,,11:05 PM,0
Coutances,FR,6.87,8.4,6.75,86,1034,Clear,08:55 AM,05:08 PM,6.34,,11:09 PM,1
Coutances,FR,6.87,8.4,6.75,86,1034,Clear,08:55 AM,05:08 PM,6.34,,11:09 PM,1
Mondeville,FR,7.33,7.41,5.88,87,1035,Clouds,08:51 AM,05:03 PM,4.63,,11:09 PM,90
Yèvres,FR,3.95,4.13,3.88,84,1034,Clear,08:40 AM,05:01 PM,5.63,,11:09 PM,0
Saverne,FR,3.38,6.79,-1.85,96,1038,Clear,08:18 AM,04:35 PM,1.82,,11:09 PM,5
Lunéville,FR,3.25,5.15,1.26,92,1037,Clear,08:21 AM,04:39 PM,4.3,,11:09 PM,0
Arrondissement du Puy-en-Velay,FR,-2.57,-2.57,-2.57,86,1033,Clear,08:17 AM,05:03 PM,0.58,,11:09 PM,0
Coubon,FR,-1.6,-1.6,-1.6,86,1033,Clear,08:17 AM,05:03 PM,0.74,,11:09 PM,0
Coubon,FR,-1.6,-1.6,-1.6,86,1033,Clear,08:17 AM,05:03 PM,0.74,,11:09 PM,0
Arrondissement de Charleville-Mézières,FR,5.23,5.7,3.68,94,1038,Clear,08:34 AM,04:41 PM,3.26,,11:09 PM,3
Arrondissement de Bonneville,FR,-6.13,-3.3,-9.87,52,1035,Clear,08:10 AM,04:49 PM,3.82,,11:09 PM,2
Sotteville,FR,8.08,9.2,6.79,89,1035,Clouds,08:58 AM,05:07 PM,9.22,,11:09 PM,12
Riva-Bella,FR,6.81,7.42,5.89,87,1035,Clouds,08:51 AM,05:03 PM,4.63,,11:09 PM,90
Arrondissement de Saint-Julien-en-Genevois,FR,0.2,1.05,-3.82,85,1034,Clouds,08:12 AM,04:51 PM,4.12,,11:09 PM,90
Labenne,FR,6.62,8.83,3.88,89,1026,Clear,08:33 AM,05:30 PM,2.57,,11:09 PM,0
Bruges,FR,5.27,5.57,0.01,94,1027,Clear,08:34 AM,05:22 PM,2.57,,11:05 PM,0
Tresses,FR,5.02,6.76,-0.27,95,1027,Clear,08:34 AM,05:21 PM,2.57,,11:09 PM,0
Lacanau,FR,5.17,5.59,0.03,86,1027,Clear,08:37 AM,05:23 PM,3.5,,11:06 PM,0
Arrondissement d'Épinal,FR,2.3,3.36,1.13,87,1036,Clear,08:19 AM,04:40 PM,1.9,,11:09 PM,0
Gavray,FR,7.04,7.27,6.97,82,1034,Clear,08:54 AM,05:09 PM,5.54,,11:09 PM,1
Baron-sur-Odon,FR,6.91,6.94,5.42,87,1035,Clouds,08:51 AM,05:04 PM,4.63,,11:09 PM,90
Arrondissement de Nontron,FR,7.03,7.73,3,67,1029,Clear,08:31 AM,05:14 PM,1.64,,11:09 PM,0
Biguglia,FR,7.71,9.79,4.81,73,1031,Clear,07:46 AM,04:50 PM,0.89,,11:09 PM,0
Rots,FR,7.11,7.13,5.6,87,1035,Clouds,08:51 AM,05:04 PM,4.63,,11:09 PM,90
Arrondissement d'Ajaccio,FR,6.71,6.99,-1.91,87,1028,Clouds,07:46 AM,04:54 PM,2.06,,11:08 PM,90
Crépy-en-Valois,FR,4.82,6.03,4.5,94,1037,Clear,08:38 AM,04:50 PM,3.57,,11:08 PM,0
Virelade,FR,5.46,7.1,0.08,91,1028,Clear,08:33 AM,05:22 PM,2.99,,11:09 PM,0
Châteauneuf-les-Martigues,FR,2.92,11.96,0.14,87,1029,Clear,08:06 AM,05:04 PM,0,,11:09 PM,0
Castandet,FR,4.13,5.88,2.8,100,1027,Clear,08:30 AM,05:25 PM,2.57,,11:09 PM,0
Saint-Laurent-du-Var,FR,10.88,11.84,9.59,58,1027,Clear,07:59 AM,04:55 PM,4.63,,11:09 PM,0
Vienne,FR,2.42,3.56,0.14,89,1033,Clear,08:15 AM,04:58 PM,1.28,,11:09 PM,0
Bonneuil-en-France,FR,5.56,6.66,4.82,94,1036,Mist,08:39 AM,04:53 PM,3.6,,11:09 PM,0
Wittenheim,FR,2.59,4.09,0.53,96,1037,Clear,08:14 AM,04:39 PM,2.09,,11:09 PM,0
Vallauris,FR,8.86,11.58,4.24,63,1027,Clear,07:59 AM,04:56 PM,2.06,,11:08 PM,0
Sin-le-Noble,FR,7.55,8.18,6.25,95,1038,Clouds,08:42 AM,04:44 PM,3.92,,11:09 PM,17
Sens,FR,2.86,5.1,1.23,89,1035,Clear,08:32 AM,04:53 PM,3.51,,11:05 PM,0
Saint-Priest,FR,1.99,3.23,-0.19,90,1033,Mist,08:15 AM,04:57 PM,0.51,,11:09 PM,90
Saint-Pol-sur-Mer,FR,7.08,7.88,6.66,97,1039,Clouds,08:49 AM,04:44 PM,1.79,,11:09 PM,13
Saint-Pierre-des-Corps,FR,5.36,5.36,4.68,93,1032,Clear,08:39 AM,05:07 PM,4.63,,11:09 PM,0
Saint-Pierre-des-Corps,FR,5.36,5.36,4.68,93,1032,Clear,08:39 AM,05:07 PM,4.63,,11:09 PM,0
Saint-Maximin-la-Sainte-Baume,FR,5.34,10.26,-1.56,68,1029,Clear,08:03 AM,05:01 PM,1.74,,11:09 PM,0
Saint-Martin-d'Hères,FR,2.05,6.65,-0.2,93,1034,Clear,08:10 AM,04:55 PM,1.7,,11:09 PM,7
Saint-Jean-de-la-Ruelle,FR,3.86,4.39,3.06,96,1032,Mist,08:36 AM,05:00 PM,1.79,,11:09 PM,0
Saint-Jean-de-Braye,FR,3.94,4.43,3.1,96,1032,Mist,08:36 AM,05:00 PM,1.79,,11:09 PM,0
Saint-Jean-de-Braye,FR,3.91,4.39,3.06,96,1032,Mist,08:36 AM,05:00 PM,1.79,,11:09 PM,0
Saint-Fons,FR,1.87,3.42,-0.01,90,1033,Mist,08:16 AM,04:57 PM,0.51,,11:09 PM,90
Saintes,FR,3.23,4.68,3.03,82,1029,Clear,08:38 AM,05:19 PM,3.52,,11:09 PM,0
Sainte-Foy-lès-Lyon,FR,0.92,2.75,-0.67,93,1033,Mist,08:16 AM,04:57 PM,0.51,,11:09 PM,90
Saint Egreve,FR,2,6.65,-0.2,84,1035,Clear,08:11 AM,04:55 PM,2.24,,11:07 PM,7
Saint-Dié-des-Vosges,FR,2.79,3.16,-0.2,91,1037,Clear,08:18 AM,04:38 PM,2.31,,11:09 PM,0
Saint-Cyr-sur-Loire,FR,5.14,5.14,4.47,93,1032,Clear,08:39 AM,05:07 PM,4.63,,11:09 PM,0
Saint-Amand-les-Eaux,FR,7.25,8.17,6.24,96,1037,Clouds,08:42 AM,04:42 PM,4.31,,11:05 PM,11
Pontivy,FR,7.18,8.31,6.29,79,1032,Clear,08:56 AM,05:19 PM,6.33,,11:04 PM,2
Ploemeur,FR,8.08,8.79,7.7,81,1031,Clouds,08:57 AM,05:22 PM,6.17,,11:09 PM,90
Pertuis,FR,0.91,10.81,-1.01,73,1029,Clear,08:06 AM,05:02 PM,1.18,,11:06 PM,0
Palaiseau,FR,5.41,6.42,4.31,95,1035,Mist,08:38 AM,04:55 PM,1.34,,11:09 PM,20
Outreau,FR,7.67,7.97,7.07,90,1038,Clear,08:50 AM,04:49 PM,6.71,,11:10 PM,1
Oullins,FR,1.65,3.4,-1.96,93,1033,Mist,08:16 AM,04:57 PM,0.51,,11:10 PM,90
Cherbourg-en-Cotentin,FR,8.84,8.84,7.19,87,1035,Clouds,08:58 AM,05:06 PM,8.23,,11:10 PM,90
Octeville,FR,8.27,8.27,6.62,87,1035,Clouds,08:58 AM,05:07 PM,8.23,,11:10 PM,90
Noyon,FR,6.68,7.47,4.77,93,1037,Clear,08:39 AM,04:48 PM,3.16,,11:10 PM,0
Noyon,FR,6.68,7.47,4.77,93,1037,Clear,08:39 AM,04:48 PM,3.16,,11:10 PM,0
Niort,FR,3.53,4.58,3.16,91,1029,Clear,08:39 AM,05:16 PM,0.89,,11:10 PM,0
Morlaix,FR,8,8.49,6.88,82,1032,Clear,09:02 AM,05:20 PM,7.33,,11:10 PM,7
Montivilliers,FR,6.23,7.47,5.79,87,1036,Clouds,08:50 AM,05:00 PM,5.14,,11:10 PM,90
Montigny-lès-Metz,FR,5.23,6.91,2.31,88,1037,Clouds,08:24 AM,04:38 PM,4.63,,11:08 PM,90
Millau,FR,5.4,5.4,5.4,71,1031,Clear,08:17 AM,05:10 PM,1.72,,11:10 PM,0
Meyzieu,FR,1.95,4.21,-0.17,90,1033,Mist,08:15 AM,04:56 PM,0.51,,11:10 PM,90
Meylan,FR,2.06,6.27,-0.58,93,1034,Clear,08:10 AM,04:55 PM,1.84,,11:10 PM,8
Mayenne,FR,5.95,5.95,5.95,75,1033,Clear,08:48 AM,05:08 PM,6.38,,11:10 PM,0
Mauguio,FR,4.85,7.04,4.05,81,1030,Clear,08:11 AM,05:08 PM,2.06,,11:09 PM,0
Lucé,FR,4.23,6.86,3.83,94,1035,Clear,08:40 AM,04:59 PM,1.79,,11:10 PM,0
Louviers,FR,7.02,7.75,5.11,94,1036,Clouds,08:45 AM,04:57 PM,5.66,,11:10 PM,90
Lingolsheim,FR,2.01,5.75,-1.5,87,1038,Clear,08:16 AM,04:34 PM,3.6,,11:10 PM,0
Les Herbiers,FR,4.03,5.59,3.84,84,1030,Clear,08:44 AM,05:16 PM,6.61,,11:10 PM,0
Le Puy-en-Velay,FR,-1.55,-1.55,-1.55,86,1033,Clear,08:17 AM,05:03 PM,0.67,,11:10 PM,0
Le Pontet,FR,5.13,6.96,0.23,76,1030,Clear,08:09 AM,05:03 PM,3.6,,11:11 PM,0
Le Bouscat,FR,5.32,5.62,0.06,94,1027,Clear,08:34 AM,05:22 PM,2.57,,11:11 PM,0
Lattes,FR,4.97,4.98,4.08,81,1030,Clear,08:12 AM,05:08 PM,2.06,,11:06 PM,0
Lanester,FR,8.2,8.9,7.81,80,1031,Clouds,08:57 AM,05:22 PM,1.34,,11:11 PM,90
La Crau,FR,7.52,11.91,1.22,74,1028,Clear,08:02 AM,05:01 PM,1.54,,11:11 PM,0
La Chapelle-sur-Erdre,FR,6.12,7.29,4.32,88,1031,Clear,08:48 AM,05:16 PM,0.89,,11:11 PM,0
Hautmont,FR,5.35,7.37,4.08,58,1038,Clear,08:39 AM,04:41 PM,4.21,,11:11 PM,4
Fleury-les-Aubrais,FR,3.82,4.35,3.02,96,1032,Mist,08:36 AM,05:00 PM,1.79,,11:11 PM,0
Firminy,FR,-0.74,0.01,-2.14,93,1032,Mist,08:17 AM,05:00 PM,2.06,,11:11 PM,0
Dole,FR,1.05,3.05,-1.25,93,1033,Clear,08:19 AM,04:49 PM,2.06,,11:11 PM,0
Cran-Gevrier,FR,1.28,2.95,-2.16,87,1034,Clouds,08:11 AM,04:51 PM,4.12,,11:11 PM,90
Coulommiers,FR,5.21,6.49,4.65,82,1036,Clear,08:35 AM,04:51 PM,4.27,,11:11 PM,0
Couëron,FR,6.22,7.34,4.38,88,1031,Clear,08:48 AM,05:17 PM,6.69,,11:11 PM,0
Coudekerque-Branche,FR,7.31,8.33,6.66,98,1039,Mist,08:48 AM,04:44 PM,1.79,,11:11 PM,90
Châtellerault,FR,4.31,4.6,3.64,50,1031,Clear,08:37 AM,05:10 PM,5.12,,11:11 PM,0
Cesson-Sévigné,FR,7.18,7.98,6.05,81,1033,Clouds,08:51 AM,05:13 PM,3.6,,11:11 PM,75
Cavaillon,FR,3.04,6.64,-0.09,83,1029,Clear,08:08 AM,05:03 PM,2.02,,11:11 PM,0
Carvin,FR,7.58,8.1,6.5,80,1038,Clouds,08:44 AM,04:44 PM,1.34,,11:11 PM,90
Carquefou,FR,6.2,7.41,4.44,88,1031,Clear,08:47 AM,05:16 PM,0.89,,11:11 PM,0
Canteleu,FR,6.44,7.14,5.18,91,1035,Clouds,08:46 AM,04:57 PM,1.34,,11:11 PM,90
Bruay-la-Buissière,FR,7.37,7.96,6.31,99,1039,Clouds,08:45 AM,04:46 PM,4.19,,11:11 PM,31
Bourg-lès-Valence,FR,2.53,3.45,1.49,87,1033,Clear,08:13 AM,04:59 PM,2.34,,11:11 PM,0
Pantine,FR,7.34,8.79,3.81,66,1034,Clear,07:47 AM,04:49 PM,0.45,,11:11 PM,1
Languedoc-Roussillon Region,FR,4.32,8.51,2.6,79,1030,Clear,08:15 AM,05:11 PM,1.21,,11:11 PM,0
Marseille,FR,4.2,11.89,0.07,55,1028,Clear,08:05 AM,05:03 PM,2.7,,11:09 PM,0
Arrondissement de Bayonne,FR,5.57,8.31,3.27,87,1026,Clear,08:32 AM,05:31 PM,2.57,,11:09 PM,0
Arrondissement de Digne-les-Bains,FR,2.13,5.51,2.13,66,1030,Clear,08:04 AM,04:57 PM,2.51,,11:06 PM,0
Arrondissement de Mont-de-Marsan,FR,4.44,8.02,-0.33,100,1027,Clear,08:31 AM,05:25 PM,2.57,,11:09 PM,0
Centre-Val de Loire,FR,4.1,4.49,3.16,82,1033,Clear,08:35 AM,05:02 PM,4.03,,11:11 PM,0
Cher,FR,1.39,2.97,0.68,98,1033,Clear,08:30 AM,05:01 PM,3.6,,11:11 PM,0
Arrondissement de Bourges,FR,1.48,3.27,0.36,87,1033,Clear,08:31 AM,05:01 PM,2.95,,11:11 PM,0
Arrondissement de Laon,FR,4.14,6.49,4.14,93,1037,Clear,08:36 AM,04:46 PM,3.09,,11:11 PM,0
Audignicourt,FR,4.57,6.99,4.41,92,1037,Clear,08:38 AM,04:48 PM,3.31,,11:11 PM,0
Béthencourt-sur-Mer,FR,6.58,7.46,6.35,94,1037,Clear,08:48 AM,04:52 PM,5.99,,11:11 PM,7
Andrézieux-Bouthéon,FR,-0.1,2.04,-1.39,93,1032,Mist,08:17 AM,05:00 PM,2.06,,11:11 PM,0
Saint-Sandoux,FR,-3.38,-3.38,-3.38,93,1031,Clear,08:22 AM,05:04 PM,1.03,,11:11 PM,0
Ambacourt,FR,3.38,4.38,-1.01,93,1036,Clouds,08:21 AM,04:41 PM,4.63,,11:11 PM,75
Essonne,FR,4.99,6.07,2.88,91,1035,Clear,08:37 AM,04:56 PM,3.83,,11:11 PM,0
Arrondissement de Romorantin-Lanthenay,FR,3.93,4.38,3.05,100,1033,Clear,08:34 AM,05:02 PM,2.06,,11:11 PM,0
Kerfeunteun,FR,8.25,8.31,7.97,81,1031,Clouds,09:01 AM,05:24 PM,5.66,,11:11 PM,90
Arrondissement de Dax,FR,5.7,8.13,3.01,96,1026,Clear,08:33 AM,05:28 PM,1.03,,11:12 PM,0
Deux-Sèvres,FR,2.66,3.85,2.57,89,1030,Clear,08:39 AM,05:14 PM,5.52,,11:12 PM,0
Arrondissement de Niort,FR,3.14,3.55,3.12,90,1029,Clear,08:39 AM,05:15 PM,0.89,,11:12 PM,0
Hautes-Alpes,FR,-6.87,-0.91,-7.03,53,1036,Clear,08:05 AM,04:54 PM,2.61,,11:12 PM,0
Le Fango,FR,8.26,9.77,4.79,71,1032,Clear,07:47 AM,04:49 PM,0.45,,11:12 PM,0
Arrondissement de Dinan,FR,6.73,7.56,6.33,19,1033,Clear,08:55 AM,05:14 PM,4.2,,11:12 PM,0
Arrondissement de La Rochelle,FR,3.81,4.51,3.27,87,1029,Clear,08:41 AM,05:18 PM,7.2,,11:12 PM,0
Saint-Médard-d'Aunis,FR,3.55,4.36,3.12,87,1029,Clear,08:41 AM,05:18 PM,7.2,,11:12 PM,0
Saint-Médard-d'Aunis,FR,3.61,4.4,3.17,87,1029,Clear,08:41 AM,05:18 PM,7.2,,11:12 PM,0
Arrondissement d'Amiens,FR,6.72,7.57,5.9,34,1037,Clouds,08:44 AM,04:50 PM,4.61,,11:12 PM,11
Arrondissement de Strasbourg,FR,1.9,5.73,-1.53,87,1038,Clear,08:16 AM,04:34 PM,3.6,,11:12 PM,0
Arrondissement de Nanterre,FR,5.6,6.64,4.53,95,1035,Mist,08:39 AM,04:54 PM,4.12,,11:12 PM,20
Arrondissement d'Argentan,FR,6.47,6.47,6.47,83,1035,Clear,08:48 AM,05:05 PM,4.86,,11:12 PM,2
Arrondissement de Créteil,FR,5.67,6.73,4.62,96,1036,Mist,08:38 AM,04:54 PM,4.12,,11:12 PM,0
Arrondissement de Saint-Denis,FR,5.69,6.71,4.6,94,1036,Mist,08:39 AM,04:54 PM,0.45,,11:08 PM,0
Juan-les-Pins,FR,9.84,12.35,5.01,63,1027,Clear,07:59 AM,04:56 PM,2.06,,11:12 PM,0
Tarbes,FR,2.71,7.46,2.36,93,1026,Clear,08:26 AM,05:25 PM,1.54,,11:11 PM,0
Arrondissement de Perpignan,FR,7.75,8.56,6.01,81,1030,Clouds,08:13 AM,05:16 PM,3.09,,11:12 PM,90
Arrondissement de Caen,FR,7.07,7.12,5.6,87,1035,Clouds,08:51 AM,05:04 PM,4.63,,11:08 PM,90
Brie-Comte-Robert,FR,5.32,6.46,4.35,93,1035,Clear,08:37 AM,04:54 PM,2.57,,11:12 PM,0
Arrondissement du Mans,FR,4.67,5.99,4.67,78,1033,Clear,08:43 AM,05:06 PM,5.76,,11:12 PM,2
Loos,FR,7.61,8.14,6.21,83,1038,Clouds,08:44 AM,04:43 PM,5.14,,11:12 PM,90
Aubière,FR,-1.39,-1.39,-1.39,93,1031,Clear,08:23 AM,05:04 PM,1.03,,11:09 PM,0
Viale,FR,3.11,7.14,3.06,87,1029,Clear,08:30 AM,05:13 PM,1.5,,11:12 PM,0
Ville-d'Avray,FR,4.93,5.93,3.82,96,1035,Mist,08:39 AM,04:55 PM,4.12,,11:12 PM,20
Arrondissement de Fontainebleau,FR,4.98,6.43,3.53,84,1035,Clear,08:35 AM,04:55 PM,4.07,,11:12 PM,0
Montreuil,FR,5.24,6.32,4.21,95,1036,Mist,08:38 AM,04:54 PM,0.45,,11:12 PM,0
Chamalières,FR,-1.56,-0.37,-1.56,93,1031,Clear,08:23 AM,05:04 PM,1.03,,11:12 PM,0
Arrondissement de Nevers,FR,-0.08,1.33,-0.08,90,1033,Clear,08:26 AM,04:58 PM,1.28,,11:12 PM,0
Rambouillet,FR,4.91,5.93,3.82,94,1034,Clear,08:40 AM,04:57 PM,0.89,,11:12 PM,0
La Seyne-sur-Mer,FR,9.33,12.16,1.47,57,1028,Clear,08:02 AM,05:02 PM,3.73,,11:12 PM,0
Mondeville,FR,7.24,7.32,5.79,87,1035,Clouds,08:51 AM,05:03 PM,4.63,,11:12 PM,90
Arrondissement de Châteaudun,FR,3.59,4.43,2.82,85,1034,Clear,08:39 AM,05:01 PM,5.1,,11:12 PM,0
Arrondissement de Saverne,FR,4.32,6.18,-1.9,96,1038,Clear,08:19 AM,04:35 PM,2.59,,11:12 PM,5
Guérande,FR,6.83,8.71,5.86,82,1030,Clear,08:51 AM,05:20 PM,9.14,,11:12 PM,0
Montpeloux,FR,-3.81,-3.81,-5.28,79,1033,Clear,08:19 AM,05:02 PM,0.09,,11:12 PM,0
Bruges,FR,5.28,5.58,0.02,94,1027,Clear,08:34 AM,05:22 PM,2.57,,11:12 PM,0
Lacanau,FR,5.15,5.57,0.01,86,1027,Clear,08:37 AM,05:23 PM,3.55,,11:12 PM,0
Gavray-sur-Sienne,FR,6.91,7.14,6.84,82,1034,Clear,08:54 AM,05:09 PM,5.53,,11:12 PM,1
Baron-sur-Odon,FR,7,7.03,5.5,87,1035,Clouds,08:51 AM,05:04 PM,4.63,,11:12 PM,90
Biguglia,FR,7.18,9.25,4.27,73,1031,Clear,07:46 AM,04:50 PM,0.89,,11:12 PM,0
Vico,FR,6.52,7.38,3.66,64,1028,Clear,07:47 AM,04:54 PM,1.74,,11:12 PM,1
Crépy-en-Valois,FR,4.77,5.99,4.47,90,1037,Clear,08:38 AM,04:50 PM,3.6,,11:12 PM,0
Châteauneuf-les-Martigues,FR,2.92,11.96,0.14,87,1029,Clear,08:06 AM,05:04 PM,0,,11:12 PM,0
Sommesous,FR,2.83,5.81,0.64,100,1036,Clear,08:31 AM,04:47 PM,5.66,,11:12 PM,0
Wasquehal,FR,7.47,8.12,6.19,83,1038,Clouds,08:44 AM,04:43 PM,5.14,,11:12 PM,90
Voiron,FR,1.83,4.24,-0.75,85,1032,Clear,08:11 AM,04:55 PM,5.36,,11:12 PM,0
Voiron,FR,1.99,4.41,-0.58,85,1032,Clear,08:11 AM,04:55 PM,5.36,,11:12 PM,5
Vitry-sur-Seine,FR,5.7,6.73,4.62,96,1035,Clear,08:38 AM,04:54 PM,4.12,,11:12 PM,0
Vitrolles,FR,1.74,10.94,-0.88,90,1029,Clear,08:06 AM,05:03 PM,0,,11:12 PM,0
Vitrolles,FR,2.21,11.38,-0.44,90,1029,Clear,08:06 AM,05:03 PM,0,,11:10 PM,0
Viroflay,FR,5.2,6.19,4.08,96,1035,Mist,08:39 AM,04:55 PM,4.12,,11:12 PM,20
Arrondissement de Nogent-sur-Marne,FR,5.35,6.43,4.32,95,1036,Mist,08:38 AM,04:54 PM,0.45,,11:12 PM,0
Vincennes,FR,5.52,6.59,4.48,96,1036,Mist,08:38 AM,04:54 PM,0.45,,11:12 PM,0
Villiers-sur-Marne,FR,5.22,6.34,4.23,94,1036,Mist,08:38 AM,04:53 PM,3.6,,11:12 PM,0
Villiers-le-Bel,FR,5.39,6.44,4.6,94,1036,Mist,08:39 AM,04:53 PM,3.6,,11:08 PM,0
Villers-lès-Nancy,FR,2.95,4.85,0.96,88,1034,Clouds,08:23 AM,04:40 PM,3.6,,11:12 PM,90
Villers-lès-Nancy,FR,3.13,5.03,1.14,88,1034,Clouds,08:23 AM,04:40 PM,3.6,,11:12 PM,90
Arrondissement du Raincy,FR,5.36,6.47,4.63,93,1036,Mist,08:38 AM,04:53 PM,0.45,,11:12 PM,0
Villepinte,FR,5.41,6.56,4.72,94,1036,Mist,08:38 AM,04:53 PM,4.12,,11:12 PM,0
Villeneuve-la-Garenne,FR,5.71,6.78,4.68,95,1035,Mist,08:39 AM,04:54 PM,0.45,,11:13 PM,0
Villemomble,FR,5.41,6.52,4.41,93,1036,Mist,08:38 AM,04:53 PM,0.45,,11:13 PM,0
Arrondissement de L'Haÿ-les-Roses,FR,5.36,6.38,4.27,96,1035,Mist,08:38 AM,04:54 PM,4.12,,11:13 PM,20
Villejuif,FR,5.32,6.34,4.23,96,1035,Mist,08:38 AM,04:54 PM,4.12,,11:13 PM,20
Villefranche-sur-Saône,FR,0.47,3.3,-2.06,95,1033,Clear,08:17 AM,04:56 PM,1.15,,11:13 PM,0
Villefontaine,FR,2.1,3.76,-0.62,87,1033,Clouds,08:14 AM,04:56 PM,2.06,,11:13 PM,75
Villefontaine,FR,1.99,3.65,-0.73,87,1033,Clouds,08:14 AM,04:56 PM,2.06,,11:13 PM,75
Vigneux-sur-Seine,FR,5.67,6.71,4.6,96,1036,Clear,08:38 AM,04:54 PM,4.12,,11:13 PM,0
Vierzon,FR,3.23,4.29,1.06,87,1033,Clear,08:33 AM,05:02 PM,3.06,,11:13 PM,0
Vertou,FR,6.14,7.47,4.5,87,1031,Clear,08:47 AM,05:17 PM,6.69,,11:13 PM,0
Vertou,FR,6.02,7.36,4.39,87,1031,Clear,08:47 AM,05:16 PM,6.69,,11:11 PM,0
Vernon,FR,6.15,7.34,4.98,90,1036,Clouds,08:43 AM,04:57 PM,4.53,,11:13 PM,16
Verneuil-sur-Seine,FR,5.79,6.82,4.71,94,1036,Mist,08:41 AM,04:55 PM,2.68,,11:13 PM,20
Vénissieux,FR,1.87,3.31,-0.12,90,1033,Mist,08:15 AM,04:57 PM,0.51,,11:13 PM,90
Vélizy-Villacoublay,FR,4.81,5.79,3.68,96,1035,Mist,08:39 AM,04:55 PM,4.12,,11:13 PM,20
Vauréal,FR,5.67,6.71,4.87,94,1036,Mist,08:41 AM,04:55 PM,4.12,,11:13 PM,20
Vaulx-en-Velin,FR,1.9,3.45,0.02,90,1033,Mist,08:16 AM,04:56 PM,0.51,,11:13 PM,90
Vaulx-en-Velin,FR,1.86,3.44,0.01,90,1033,Mist,08:16 AM,04:56 PM,0.51,,11:13 PM,90
Vanves,FR,5.57,6.57,4.46,96,1035,Mist,08:39 AM,04:54 PM,4.12,,11:12 PM,20
Vannes,FR,8.52,8.96,6.65,76,1031,Clouds,08:54 AM,05:20 PM,8.75,,11:13 PM,90
Vandœuvre-lès-Nancy,FR,3.24,5.1,1.21,87,1037,Clouds,08:22 AM,04:40 PM,3.6,,11:13 PM,90
Vandœuvre-lès-Nancy,FR,3.24,5.1,1.21,87,1037,Clouds,08:22 AM,04:40 PM,3.6,,11:13 PM,90
Valenciennes,FR,6.82,8.09,5.36,96,1038,Clear,08:41 AM,04:42 PM,4.08,,11:13 PM,8
Valence,FR,2.64,3.54,1.57,87,1033,Clear,08:13 AM,05:00 PM,2.36,,11:13 PM,0
Tulle,FR,3.77,9.41,3.77,80,1030,Clear,08:26 AM,05:11 PM,1.73,,11:13 PM,0
Tremblay-en-France,FR,5.4,6.56,4.71,94,1036,Mist,08:38 AM,04:53 PM,4.12,,11:12 PM,0
Trappes,FR,4.93,5.9,3.79,96,1035,Mist,08:40 AM,04:56 PM,3.6,,11:13 PM,20
Tours,FR,5.32,5.32,4.65,93,1032,Clear,08:39 AM,05:07 PM,4.63,,11:11 PM,0
Tournefeuille,FR,8.18,8.96,5.98,87,1028,Clear,08:22 AM,05:19 PM,7.2,,11:13 PM,0
Tournefeuille,FR,7.93,8.77,5.79,87,1028,Clear,08:22 AM,05:19 PM,7.2,,11:13 PM,0
Torcy,FR,5.16,6.31,4.47,94,1036,Mist,08:37 AM,04:53 PM,4.12,,11:08 PM,0
Thiais,FR,5.35,6.38,4.27,96,1035,Clear,08:38 AM,04:54 PM,4.12,,11:13 PM,0
Tergnier,FR,7.39,7.51,4.93,93,1037,Clear,08:38 AM,04:47 PM,3.32,,11:13 PM,0
Tergnier,FR,7.38,7.49,7.09,93,1037,Clear,08:38 AM,04:47 PM,3.31,,11:13 PM,0
Tassin-la-Demi-Lune,FR,1.25,3.22,-0.21,94,1033,Mist,08:16 AM,04:57 PM,0.51,,11:13 PM,90
Suresnes,FR,5.74,6.77,4.66,95,1035,Mist,08:39 AM,04:54 PM,4.12,,11:13 PM,20
Sucy-en-Brie,FR,5.24,6.34,4.23,96,1036,Clear,08:37 AM,04:54 PM,4.12,,11:13 PM,0
Stains,FR,5.63,6.71,4.87,94,1036,Mist,08:39 AM,04:54 PM,3.6,,11:13 PM,0
Sotteville-lès-Rouen,FR,7.14,7.84,5.88,91,1035,Clouds,08:46 AM,04:57 PM,1.34,,11:13 PM,90
Sorgues,FR,5.06,6.93,0.2,76,1030,Clear,08:09 AM,05:03 PM,3.6,,11:13 PM,0
Sorgues,FR,5.03,6.92,0.19,76,1030,Clear,08:09 AM,05:03 PM,3.6,,11:13 PM,0
Soissons,FR,4.98,6.53,4.27,92,1037,Clear,08:37 AM,04:48 PM,3.64,,11:13 PM,0
Six-Fours-les-Plages,FR,9.44,11.92,1.23,57,1028,Clear,08:02 AM,05:02 PM,3.83,,11:13 PM,0
Six-Fours-les-Plages,FR,9.2,11.72,1.03,57,1028,Clear,08:02 AM,05:02 PM,3.73,,11:13 PM,0
Seynod,FR,0.95,4.55,-2.42,87,1034,Clouds,08:11 AM,04:51 PM,4.12,,11:13 PM,90
Seynod,FR,1.05,4.64,-2.33,87,1034,Clouds,08:11 AM,04:51 PM,4.12,,11:13 PM,90
Sevran,FR,5.47,6.6,4.76,94,1036,Mist,08:38 AM,04:53 PM,3.6,,11:13 PM,0
Arrondissement de Sens,FR,2.25,4.63,0.77,88,1035,Clear,08:32 AM,04:53 PM,3.55,,11:13 PM,0
Sens,FR,2.86,5.1,1.23,89,1035,Clear,08:32 AM,04:53 PM,3.51,,11:13 PM,0
Senlis,FR,5.29,6.6,4.75,94,1037,Clear,08:39 AM,04:52 PM,2.92,,11:13 PM,0
Arrondissement de Sélestat-Erstein,FR,1.27,3.96,-1.99,94,1037,Clear,08:16 AM,04:36 PM,1.76,,11:13 PM,3
Sélestat,FR,2.16,4.83,-1.12,87,1037,Clouds,08:16 AM,04:36 PM,2.57,,11:12 PM,75
Sedan,FR,5.78,5.9,4.68,93,1038,Clear,08:32 AM,04:40 PM,3.06,,11:13 PM,0
Schiltigheim,FR,1.99,5.75,-1.51,87,1038,Clear,08:16 AM,04:34 PM,3.6,,11:13 PM,0
Sceaux,FR,5.38,6.38,4.27,96,1035,Mist,08:38 AM,04:55 PM,4.12,,11:13 PM,20
Savigny-le-Temple,FR,5.18,6.49,3.58,90,1035,Clear,08:36 AM,04:54 PM,2.57,,11:13 PM,0
Saumur,FR,5.75,6.18,3.86,86,1032,Clear,08:42 AM,05:11 PM,5.06,,11:13 PM,1
Sartrouville,FR,5.54,6.6,4.49,95,1035,Mist,08:40 AM,04:54 PM,3.6,,11:13 PM,20
Sarcelles,FR,5.33,6.44,4.6,94,1036,Mist,08:39 AM,04:53 PM,3.6,,11:13 PM,0
Arrondissement d'Argenteuil,FR,5.69,6.76,4.65,95,1035,Mist,08:39 AM,04:54 PM,3.6,,11:13 PM,0
Sannois,FR,5.2,6.28,4.17,94,1035,Mist,08:39 AM,04:54 PM,3.6,,11:14 PM,0
Sanary-sur-Mer,FR,10.15,12.16,1.47,57,1028,Clear,08:03 AM,05:02 PM,3.49,,11:14 PM,0
Sanary-sur-Mer,FR,10.15,12.16,1.47,57,1028,Clear,08:03 AM,05:02 PM,3.47,,11:14 PM,0
Sallanches,FR,0.79,3.26,-2.36,57,1035,Clear,08:09 AM,04:49 PM,3.34,,11:14 PM,2
Sallanches,FR,0.79,3.26,-2.36,57,1035,Clear,08:09 AM,04:49 PM,3.34,,11:14 PM,2
Saint-Sébastien-sur-Loire,FR,6.16,7.43,4.47,88,1031,Clear,08:47 AM,05:16 PM,6.69,,11:14 PM,0
Saint-Raphaël,FR,7.18,12.35,1.51,59,1027,Clear,08:00 AM,04:58 PM,2.07,,11:14 PM,0
Arrondissement de Saint-Quentin,FR,7.05,7.16,6.2,94,1037,Clear,08:39 AM,04:46 PM,3.45,,11:14 PM,0
Saint-Quentin,FR,6.87,7.19,6.16,94,1037,Clear,08:39 AM,04:46 PM,3.51,,11:14 PM,1
Saint-Priest,FR,1.91,3.14,-0.29,90,1033,Mist,08:15 AM,04:57 PM,0.51,,11:14 PM,90
Saint-Ouen-l'Aumône,FR,5.73,6.8,4.95,96,1036,Mist,08:40 AM,04:54 PM,4.12,,11:14 PM,20
Saint-Michel-sur-Orge,FR,5.67,6.69,4.58,96,1036,Mist,08:38 AM,04:55 PM,4.12,,11:14 PM,20
Saint-Maximin-la-Sainte-Baume,FR,5.32,10.22,-1.6,68,1029,Clear,08:03 AM,05:01 PM,1.77,,11:14 PM,0
Saint-Maur-des-Fossés,FR,5.6,6.69,4.58,95,1036,Mist,08:38 AM,04:54 PM,4.12,,11:14 PM,0
Saint-Martin-d'Hères,FR,2.03,6.62,-0.22,93,1034,Clear,08:10 AM,04:55 PM,1.72,,11:14 PM,7
Saint-Mandé,FR,5.58,6.64,4.53,95,1036,Mist,08:38 AM,04:54 PM,0.45,,11:09 PM,0
Saint-Leu-la-Forêt,FR,5.32,6.44,4.6,96,1035,Mist,08:40 AM,04:54 PM,3.6,,11:14 PM,20
Saint-Laurent-d'Andenay,FR,1.33,2.3,-1.52,94,1034,Clear,08:21 AM,04:54 PM,1.98,,11:14 PM,0
Saint-Leu,FR,1.33,2.19,-1.63,94,1034,Clear,08:21 AM,04:54 PM,1.98,,11:14 PM,0
Saint-Laurent-du-Var,FR,11.14,12.1,9.84,58,1027,Clear,07:59 AM,04:55 PM,4.63,,11:14 PM,0
Saint-Gratien,FR,5.57,6.66,4.55,94,1035,Mist,08:39 AM,04:54 PM,3.6,,11:14 PM,0
Arrondissement de Saintes,FR,3.02,3.83,2.86,84,1028,Clear,08:38 AM,05:19 PM,3.77,,11:14 PM,0
Saintes,FR,3.23,4.68,3.03,82,1029,Clear,08:38 AM,05:19 PM,3.52,,11:13 PM,0
Sainte-Geneviève-des-Bois,FR,5.43,6.46,4.35,96,1036,Clear,08:38 AM,04:55 PM,4.12,,11:15 PM,0
Sainte-Foy-lès-Lyon,FR,0.79,2.6,-0.82,93,1033,Mist,08:16 AM,04:57 PM,0.51,,11:14 PM,90
Saint-Égrève,FR,1.99,6.65,-0.2,84,1035,Clear,08:11 AM,04:55 PM,2.24,,11:15 PM,7
Saint-Dié-des-Vosges,FR,2.79,3.16,-0.2,91,1037,Clear,08:18 AM,04:38 PM,2.31,,11:15 PM,0
Saint-Cyr-l'École,FR,5.1,6.07,3.96,95,1035,Mist,08:39 AM,04:55 PM,3.6,,11:15 PM,20
Saint-Cloud,FR,5.32,6.34,4.23,96,1035,Mist,08:39 AM,04:55 PM,4.12,,11:15 PM,20
Saint-Chamond,FR,0.08,2.08,-1.35,93,1032,Mist,08:16 AM,04:59 PM,2.06,,11:15 PM,0
Saint-Chamond,FR,0.11,2.08,-1.35,93,1032,Mist,08:16 AM,04:59 PM,2.06,,11:15 PM,0
Saint-Amand-les-Eaux,FR,7.24,8.17,6.24,96,1037,Clouds,08:42 AM,04:42 PM,4.31,,11:15 PM,11
Rueil-Malmaison,FR,5.56,6.58,4.47,95,1035,Mist,08:39 AM,04:55 PM,4.12,,11:13 PM,20
Royan,FR,3.22,3.99,3.03,84,1028,Clear,08:39 AM,05:21 PM,4.72,,11:15 PM,0
Rouen,FR,7.14,7.83,5.87,91,1035,Clouds,08:46 AM,04:57 PM,1.34,,11:15 PM,90
Ronchin,FR,7.43,7.99,6.06,82,1038,Clouds,08:44 AM,04:43 PM,5.14,,11:12 PM,90
Romans-sur-Isère,FR,2.15,3.28,1.32,87,1033,Clear,08:12 AM,04:59 PM,2.06,,11:13 PM,0
Romainville,FR,5.14,6.23,4.12,95,1036,Mist,08:38 AM,04:54 PM,0.45,,11:15 PM,0
Roissy-en-Brie,FR,5.07,6.23,4.39,81,1036,Clear,08:37 AM,04:53 PM,3.32,,11:15 PM,0
Ris-Orangis,FR,5.42,6.5,4.39,96,1036,Clear,08:37 AM,04:55 PM,4.12,,11:15 PM,0
Rillieux-la-Pape,FR,0.91,2.69,-0.74,92,1033,Mist,08:16 AM,04:56 PM,0.51,,11:15 PM,90
Rillieux-la-Pape,FR,0.95,2.71,-0.72,92,1033,Mist,08:16 AM,04:56 PM,0.51,,11:15 PM,90
Rennes,FR,7.17,7.94,6.01,84,1033,Clouds,08:51 AM,05:13 PM,3.6,,11:11 PM,75
Puteaux,FR,5.68,6.71,4.6,96,1035,Mist,08:39 AM,04:54 PM,4.12,,11:14 PM,20
Port-de-Bouc,FR,3.12,7.1,0.37,84,1029,Clear,08:07 AM,05:05 PM,3.6,,11:15 PM,0
Port-de-Bouc,FR,3.01,7,0.27,84,1029,Clear,08:07 AM,05:05 PM,3.6,,11:15 PM,0
Pont-à-Mousson,FR,4.61,6.85,2.67,87,1037,Clouds,08:24 AM,04:39 PM,4.63,,11:15 PM,90
Poissy,FR,5.75,6.79,4.68,94,1036,Mist,08:40 AM,04:55 PM,2.68,,11:15 PM,20
Ploemeur,FR,8.08,8.79,7.7,81,1031,Clouds,08:57 AM,05:22 PM,6.17,,11:15 PM,90
Plaisir,FR,5.23,6.23,4.12,95,1035,Mist,08:40 AM,04:56 PM,3.6,,11:15 PM,20
Plaisance-du-Touch,FR,7.93,8.9,5.92,87,1028,Clear,08:22 AM,05:19 PM,7.2,,11:15 PM,0
Plaisance-du-Touch,FR,7.9,8.89,5.91,87,1028,Clear,08:22 AM,05:19 PM,7.2,,11:15 PM,0
Pierrefitte-sur-Seine,FR,5.53,6.63,4.78,94,1035,Mist,08:39 AM,04:54 PM,3.6,,11:15 PM,0
Arrondissement d'Apt,FR,-1.62,4.46,-2.27,72,1029,Clear,08:07 AM,05:02 PM,1.35,,11:15 PM,0
Pertuis,FR,0.93,10.83,-0.99,73,1029,Clear,08:06 AM,05:02 PM,1.18,,11:15 PM,0
Pantin,FR,5.57,6.66,4.55,95,1036,Mist,08:39 AM,04:54 PM,0.45,,11:15 PM,0
Pantin,FR,5.53,6.62,4.51,95,1036,Mist,08:38 AM,04:54 PM,0.45,,11:15 PM,0
Oyonnax,FR,-1.16,1.34,-5.43,94,1035,Clear,08:14 AM,04:52 PM,2.45,,11:15 PM,5
Oyonnax,FR,-0.3,2.35,-4.41,93,1035,Clear,08:15 AM,04:52 PM,2.4,,11:13 PM,4
Osny,FR,5.45,6.47,4.62,97,1036,Mist,08:41 AM,04:54 PM,4.12,,11:15 PM,20
Orvault,FR,6.04,6.76,5.92,88,1030,Clear,08:48 AM,05:17 PM,5.66,,11:16 PM,0
Orsay,FR,5.51,6.54,4.14,95,1035,Mist,08:39 AM,04:55 PM,0.89,,11:16 PM,0
Orly,FR,5.54,6.67,4.28,95,1036,Clear,08:38 AM,04:54 PM,2.57,,11:16 PM,0
Olivet,FR,4.02,4.45,3.12,96,1032,Mist,08:36 AM,05:00 PM,2.24,,11:16 PM,0
Olivet,FR,4.01,4.43,3.1,96,1032,Mist,08:36 AM,05:00 PM,2.24,,11:16 PM,0
Noisy-le-Sec,FR,5.31,6.53,4.13,95,1036,Mist,08:38 AM,04:53 PM,0.89,,11:16 PM,0
Noisy-le-Grand,FR,5.22,6.49,4.09,96,1036,Mist,08:38 AM,04:53 PM,3.6,,11:16 PM,0
Noisiel,FR,5.22,6.54,4.14,96,1036,Mist,08:37 AM,04:53 PM,3.6,,11:16 PM,0
Nogent-sur-Marne,FR,5.46,6.66,4.27,95,1036,Clear,08:38 AM,04:54 PM,2.57,,11:16 PM,0
Niort,FR,3.38,4.62,3.05,91,1029,Clear,08:39 AM,05:16 PM,1.34,,11:16 PM,0
Nîmes,FR,5.33,6.75,2.69,75,1029,Clear,08:11 AM,05:06 PM,3.09,,11:16 PM,0
Nice,FR,11.24,12.13,9.87,59,1027,Clear,07:59 AM,04:55 PM,4.63,,11:13 PM,0
Neuilly-sur-Seine,FR,5.6,6.69,4.3,96,1035,Mist,08:39 AM,04:54 PM,0.89,,11:16 PM,0
Neuilly-sur-Marne,FR,5.58,6.69,4.58,94,1036,Mist,08:38 AM,04:53 PM,3.6,,11:11 PM,0
Neuilly-Plaisance,FR,5.32,6.55,4.16,95,1036,Mist,08:38 AM,04:53 PM,0.89,,11:16 PM,0
Nancy,FR,3.69,5.38,2.62,87,1037,Clouds,08:22 AM,04:39 PM,5.14,,11:16 PM,90
Muret,FR,7.44,8.79,5.81,87,1028,Clouds,08:22 AM,05:19 PM,6.17,,11:16 PM,20
Muret,FR,7.44,8.79,5.81,87,1028,Clouds,08:22 AM,05:19 PM,6.17,,11:16 PM,20
Mougins,FR,8.48,11.31,3.97,64,1027,Clear,07:59 AM,04:56 PM,2.06,,11:16 PM,0
Mont-Saint-Aignan,FR,5.98,6.64,4.95,91,1035,Mist,08:46 AM,04:56 PM,0.89,,11:16 PM,90
Montrouge,FR,5.43,6.49,4.1,95,1035,Mist,08:39 AM,04:54 PM,4.63,,11:16 PM,0
Montivilliers,FR,6.15,7.4,5.71,87,1036,Clouds,08:50 AM,05:00 PM,4.63,,11:16 PM,90
Montigny-lès-Metz,FR,5.24,6.95,1.79,92,1037,Clouds,08:24 AM,04:38 PM,4.12,,11:16 PM,90
Montigny-lès-Cormeilles,FR,5.38,6.49,4.1,95,1036,Mist,08:40 AM,04:54 PM,4.12,,11:16 PM,20
Montigny-le-Bretonneux,FR,4.9,5.92,3.52,95,1035,Mist,08:39 AM,04:56 PM,3.6,,11:16 PM,0
Montgeron,FR,5.27,6.45,4.06,94,1036,Clear,08:37 AM,04:54 PM,2.57,,11:16 PM,0
Montfermeil,FR,4.95,6.23,3.84,96,1036,Mist,08:38 AM,04:53 PM,3.6,,11:16 PM,0
Montesson,FR,5.65,6.68,4.57,95,1035,Mist,08:40 AM,04:55 PM,4.12,,11:13 PM,20
Montereau-Fault-Yonne,FR,4.19,6.65,2.58,85,1035,Clear,08:34 AM,04:54 PM,4.44,,11:16 PM,0
Montereau-Fault-Yonne,FR,4.19,6.65,2.58,85,1035,Clear,08:34 AM,04:54 PM,4.44,,11:16 PM,0
Montceau-les-Mines,FR,1.78,2.51,-1.31,96,1034,Clear,08:21 AM,04:55 PM,1.54,,11:16 PM,1
Montbrison,FR,-1.53,-1.51,-2.49,82,1033,Clear,08:18 AM,05:01 PM,0.53,,11:16 PM,0
Montbrison,FR,-1.53,-1.51,-2.49,82,1033,Clear,08:18 AM,05:01 PM,0.53,,11:16 PM,0
Montauban,FR,9.19,9.44,8.45,89,1028,Clear,08:23 AM,05:17 PM,2.73,,11:16 PM,0
Mons-en-Barœul,FR,7.34,7.87,6.15,84,1038,Clouds,08:44 AM,04:43 PM,0.45,,11:16 PM,75
Moissy-Cramayel,FR,5.03,6.4,4,93,1035,Clear,08:36 AM,04:54 PM,2.06,,11:16 PM,0
Mitry-Mory,FR,5.15,6.49,4.1,95,1036,Mist,08:38 AM,04:52 PM,3.6,,11:16 PM,0
Miramas,FR,3.91,6.77,2.75,81,1029,Clear,08:07 AM,05:04 PM,4.12,,11:16 PM,0
Millau,FR,4.38,4.38,4.38,71,1031,Clear,08:17 AM,05:10 PM,1.72,,11:16 PM,0
Meyzieu,FR,1.88,4.21,-2.1,94,1034,Clouds,08:15 AM,04:56 PM,0.51,,11:15 PM,90
Meylan,FR,2.33,6.64,0.35,94,1034,Clear,08:10 AM,04:55 PM,1.77,,11:16 PM,8
Metz,FR,5.19,6.87,1.71,91,1037,Clouds,08:24 AM,04:38 PM,4.12,,11:16 PM,90
Melun,FR,4.88,6.61,3.01,93,1035,Clear,08:36 AM,04:54 PM,2.06,,11:16 PM,0
Meaux,FR,5.23,6.57,4.73,87,1036,Clear,08:37 AM,04:52 PM,3.34,,11:15 PM,0
Arrondissement de Mayenne,FR,5.69,5.69,5.69,75,1033,Clear,08:48 AM,05:08 PM,6.19,,11:16 PM,0
Mayenne,FR,5.95,5.95,5.95,75,1033,Clear,08:48 AM,05:08 PM,6.38,,11:16 PM,0
Mauguio,FR,4.29,7.05,3.95,87,1030,Clear,08:11 AM,05:08 PM,2.06,,11:16 PM,0
Maubeuge,FR,5.36,7.47,4.09,59,1037,Clear,08:39 AM,04:41 PM,4.31,,11:16 PM,5
Massy,FR,5.35,6.37,4.26,96,1035,Mist,08:38 AM,04:55 PM,4.12,,11:14 PM,20
Martigues,FR,2.5,5.51,-1.7,87,1029,Clear,08:07 AM,05:04 PM,1.03,,11:16 PM,0
Marly-le-Roi,FR,4.88,5.92,3.53,95,1035,Mist,08:40 AM,04:55 PM,3.6,,11:16 PM,0
Marcq-en-Barœul,FR,7.41,7.95,6.23,84,1038,Clouds,08:44 AM,04:43 PM,0.45,,11:16 PM,75
Mantes-la-Ville,FR,5.81,6.62,4.51,91,1036,Clear,08:42 AM,04:56 PM,2.68,,11:16 PM,6
Mandelieu-la-Napoule,FR,8.57,11.9,4.55,75,1027,Clear,07:59 AM,04:56 PM,2.06,,11:16 PM,0
Malakoff,FR,5.46,6.52,4.12,95,1035,Mist,08:39 AM,04:54 PM,4.63,,11:16 PM,0
Mâcon,FR,0.81,3.47,-1.9,94,1034,Clear,08:18 AM,04:55 PM,1.14,,11:16 PM,0
Lunel,FR,4.68,7.04,3.94,87,1030,Clear,08:11 AM,05:07 PM,2.06,,11:16 PM,0
Lunel,FR,4.68,7.05,3.95,87,1030,Clear,08:11 AM,05:07 PM,2.06,,11:16 PM,0
Lourdes,FR,1.69,5.52,1.51,93,1026,Clear,08:26 AM,05:26 PM,1.54,,11:16 PM,0
Lorient,FR,8.24,8.94,7.84,80,1031,Clouds,08:57 AM,05:22 PM,1.34,,11:13 PM,90
Lons-le-Saunier,FR,-0.06,4.13,-2.64,99,1034,Clear,08:17 AM,04:50 PM,1.34,,11:17 PM,1
Lognes,FR,4.95,6.25,3.85,97,1036,Clear,08:37 AM,04:53 PM,3.6,,11:17 PM,0
Livry-Gargan,FR,5.12,6.26,4.41,94,1036,Mist,08:38 AM,04:53 PM,3.6,,11:13 PM,0
L'Isle-sur-la-Sorgue,FR,5.15,6.72,2.7,80,1029,Clear,08:08 AM,05:03 PM,1.81,,11:17 PM,0
L'Isle-sur-la-Sorgue,FR,5.15,6.72,2.7,80,1029,Clear,08:08 AM,05:03 PM,1.8,,11:17 PM,0
Limay,FR,6.01,7.02,4.73,90,1036,Clear,08:42 AM,04:56 PM,2.68,,11:17 PM,6
Liévin,FR,7.28,7.8,6.42,78,1039,Clouds,08:44 AM,04:45 PM,4.1,,11:17 PM,24
L'Haÿ-les-Roses,FR,5.48,6.56,4.16,95,1035,Mist,08:38 AM,04:54 PM,2.57,,11:17 PM,0
Le Vésinet,FR,5.72,6.77,4.38,94,1035,Mist,08:40 AM,04:55 PM,4.63,,11:17 PM,0
Levallois-Perret,FR,5.66,6.77,4.38,96,1036,Clear,08:39 AM,04:54 PM,0.89,,11:17 PM,0
Les Sables-d'Olonne,FR,4.54,4.54,4.08,79,1029,Clear,08:45 AM,05:20 PM,7.27,,11:17 PM,0
Les Pennes-Mirabeau,FR,1.81,11.25,-2.56,93,1029,Clear,08:05 AM,05:03 PM,1.03,,11:17 PM,0
Les Pennes-Mirabeau,FR,1.81,11.25,-2.56,93,1029,Clear,08:05 AM,05:03 PM,1.03,,11:17 PM,0
Les Mureaux,FR,5.85,6.84,4.73,91,1036,Mist,08:41 AM,04:55 PM,2.68,,11:17 PM,20
Les Lilas,FR,4.99,6.18,3.79,95,1036,Mist,08:38 AM,04:54 PM,0.89,,11:17 PM,0
Les Herbiers,FR,4.03,5.59,3.84,84,1030,Clear,08:44 AM,05:16 PM,6.61,,11:17 PM,0
Les Clayes-sous-Bois,FR,4.97,5.97,3.57,96,1035,Mist,08:40 AM,04:56 PM,3.6,,11:17 PM,0
Le Puy-en-Velay,FR,-2.51,-2.51,-2.51,86,1033,Clear,08:17 AM,05:03 PM,0.67,,11:17 PM,0
Le Pré-Saint-Gervais,FR,5.31,6.47,4.08,95,1036,Mist,08:38 AM,04:54 PM,0.89,,11:17 PM,0
Le Pontet,FR,5.5,6.99,2.92,75,1030,Clear,08:09 AM,05:03 PM,2.57,,11:17 PM,0
Le Plessis-Trévise,FR,5.02,6.28,3.88,96,1036,Clear,08:38 AM,04:53 PM,2.57,,11:17 PM,0
Le Plessis-Robinson,FR,5.07,6.13,3.73,95,1035,Mist,08:39 AM,04:55 PM,4.63,,11:17 PM,0
Le Petit-Quevilly,FR,6.91,7.61,5.92,91,1035,Mist,08:46 AM,04:57 PM,0.89,,11:17 PM,90
Le Perreux-sur-Marne,FR,5.51,6.6,4.49,94,1036,Mist,08:38 AM,04:53 PM,0.45,,11:13 PM,0
Le Pecq,FR,5.38,6.43,4.03,94,1035,Mist,08:40 AM,04:55 PM,4.63,,11:16 PM,0
Lens,FR,7.33,7.86,6.48,78,1039,Clouds,08:44 AM,04:45 PM,4.04,,11:17 PM,21
Le Mée-sur-Seine,FR,4.9,6.6,3.14,93,1035,Clear,08:36 AM,04:54 PM,2.06,,11:17 PM,0
Le Kremlin-Bicêtre,FR,5.46,6.57,4.18,96,1036,Clear,08:38 AM,04:54 PM,0.89,,11:17 PM,0
Le Grand-Quevilly,FR,6.63,7.36,5.67,91,1035,Mist,08:46 AM,04:57 PM,0.89,,11:17 PM,90
Arrondissement d'Autun,FR,0.86,1.79,-0.89,96,1034,Clear,08:23 AM,04:55 PM,1.43,,11:17 PM,2
Le Creusot,FR,1.24,2.3,-1.52,95,1034,Clear,08:22 AM,04:54 PM,1.78,,11:17 PM,0
Le Chesnay-Rocquencourt,FR,5.16,6.15,4.04,96,1035,Mist,08:39 AM,04:55 PM,4.12,,11:13 PM,20
Le Cannet,FR,9.06,12.03,4.69,64,1027,Clear,07:59 AM,04:56 PM,2.06,,11:17 PM,0
Le Bouscat,FR,5.25,5.57,0.01,94,1028,Clear,08:34 AM,05:22 PM,2.57,,11:17 PM,0
Le Blanc-Mesnil,FR,5.45,6.68,4.29,95,1036,Mist,08:38 AM,04:53 PM,3.6,,11:17 PM,0
Laxou,FR,3.48,5.17,2.41,89,1037,Clouds,08:23 AM,04:40 PM,5.14,,11:17 PM,90
Laxou,FR,3.48,5.17,2.41,89,1037,Clouds,08:23 AM,04:40 PM,5.14,,11:15 PM,90
Lanester,FR,8.24,8.97,7.82,78,1031,Clouds,08:57 AM,05:22 PM,1.34,,11:17 PM,90
Lambersart,FR,7.4,8.2,6.22,84,1038,Clouds,08:44 AM,04:43 PM,0.45,,11:17 PM,75
La Madeleine,FR,7.4,7.92,6.2,84,1038,Clouds,08:44 AM,04:43 PM,0.45,,11:17 PM,75
Lagny-sur-Marne,FR,5.29,6.66,4.27,93,1036,Mist,08:37 AM,04:53 PM,3.6,,11:17 PM,0
La Garenne-Colombes,FR,5.57,6.66,4.27,96,1035,Mist,08:39 AM,04:54 PM,4.63,,11:16 PM,0
La Garde,FR,8.63,11.99,1.3,74,1028,Clear,08:02 AM,05:02 PM,1.54,,11:17 PM,0
La Garde,FR,8.73,12.03,1.34,74,1028,Clear,08:02 AM,05:02 PM,1.54,,11:17 PM,0
